device,timestamp,humidity,light,motion,temperature
sensor_071,2023-11-01 00:00:00,,,,48.306374685593966
sensor_082,2023-11-01 00:01:00,,,,45.93168208006191
sensor_005,2023-11-01 00:02:00,,,,36.052916278999774
sensor_065,2023-11-01 00:03:00,60.947898569759076,,,
sensor_086,2023-11-01 00:04:00,,True,,
sensor_025,2023-11-01 00:05:00,,,,31.392180312720882
sensor_030,2023-11-01 00:06:00,,,True,
sensor_041,2023-11-01 00:07:00,64.25446805788988,,,
sensor_078,2023-11-01 00:08:00,,True,,
sensor_083,2023-11-01 00:09:00,88.21487240036531,,,
sensor_066,2023-11-01 00:10:00,,,,9.379557516821066
sensor_079,2023-11-01 00:11:00,,False,,
sensor_001,2023-11-01 00:12:00,47.792269286793626,,,
sensor_002,2023-11-01 00:13:00,,,,38.58339386237215
sensor_021,2023-11-01 00:14:00,85.18017870672462,,,
sensor_023,2023-11-01 00:15:00,42.73013601032484,,,
sensor_003,2023-11-01 00:16:00,47.816202158858324,,,
sensor_014,2023-11-01 00:17:00,,,,27.1233380627609
sensor_093,2023-11-01 00:18:00,,,,35.00599171536984
sensor_064,2023-11-01 00:19:00,68.77858881161521,,,
sensor_085,2023-11-01 00:20:00,,,False,
sensor_028,2023-11-01 00:21:00,,,True,
sensor_061,2023-11-01 00:22:00,,,True,
sensor_071,2023-11-01 00:23:00,,,,-5.716302047744481
sensor_004,2023-11-01 00:24:00,,,,20.968059508076273
sensor_046,2023-11-01 00:25:00,,,True,
sensor_019,2023-11-01 00:26:00,34.82435881321163,,,
sensor_003,2023-11-01 00:27:00,27.899970845935883,,,
sensor_039,2023-11-01 00:28:00,,,,24.479279374554054
sensor_062,2023-11-01 00:29:00,,,True,
sensor_092,2023-11-01 00:30:00,,,False,
sensor_044,2023-11-01 00:31:00,76.99686085549271,,,
sensor_089,2023-11-01 00:32:00,,,,38.49653993929439
sensor_071,2023-11-01 00:33:00,,,,40.80782647324706
sensor_064,2023-11-01 00:34:00,21.508140880064875,,,
sensor_005,2023-11-01 00:35:00,,,,2.7386698923585744
sensor_064,2023-11-01 00:36:00,82.5341968863492,,,
sensor_018,2023-11-01 00:37:00,58.41780636807898,,,
sensor_082,2023-11-01 00:38:00,,,,23.142855706967126
sensor_089,2023-11-01 00:39:00,,,,45.55398366978622
sensor_061,2023-11-01 00:40:00,,,False,
sensor_091,2023-11-01 00:41:00,79.89293759846788,,,
sensor_006,2023-11-01 00:42:00,,,False,
sensor_065,2023-11-01 00:43:00,34.76739140761554,,,
sensor_045,2023-11-01 00:44:00,38.732062284892336,,,
sensor_010,2023-11-01 00:45:00,,False,,
sensor_060,2023-11-01 00:46:00,21.85287611653464,,,
sensor_037,2023-11-01 00:47:00,,,,48.06441404347828
sensor_004,2023-11-01 00:48:00,,,,21.50331834710679
sensor_009,2023-11-01 00:49:00,,False,,
sensor_006,2023-11-01 00:50:00,,,True,
sensor_011,2023-11-01 00:51:00,,,,43.09500596630859
sensor_007,2023-11-01 00:52:00,,,False,
sensor_017,2023-11-01 00:53:00,,,True,
sensor_098,2023-11-01 00:54:00,43.041461624357524,,,
sensor_074,2023-11-01 00:55:00,35.20297002640255,,,
sensor_008,2023-11-01 00:56:00,,False,,
sensor_045,2023-11-01 00:57:00,56.26313178287647,,,
sensor_073,2023-11-01 00:58:00,,True,,
sensor_031,2023-11-01 00:59:00,,,False,
sensor_096,2023-11-01 01:00:00,,,True,
sensor_079,2023-11-01 01:01:00,,False,,
sensor_046,2023-11-01 01:02:00,,,True,
sensor_092,2023-11-01 01:03:00,,,False,
sensor_092,2023-11-01 01:04:00,,,True,
sensor_076,2023-11-01 01:05:00,,True,,
sensor_030,2023-11-01 01:06:00,,,False,
sensor_024,2023-11-01 01:07:00,,,True,
sensor_004,2023-11-01 01:08:00,,,,37.93694133302293
sensor_093,2023-11-01 01:09:00,,,,-5.520803843726463
sensor_002,2023-11-01 01:10:00,,,,7.991313106204586
sensor_014,2023-11-01 01:11:00,,,,-1.9874285014384547
sensor_071,2023-11-01 01:12:00,,,,28.41574918889355
sensor_001,2023-11-01 01:13:00,62.917551144544554,,,
sensor_072,2023-11-01 01:14:00,,,,39.49515149434171
sensor_089,2023-11-01 01:15:00,,,,14.390958349913511
sensor_088,2023-11-01 01:16:00,83.67047674663733,,,
sensor_053,2023-11-01 01:17:00,,True,,
sensor_083,2023-11-01 01:18:00,89.22026302515062,,,
sensor_052,2023-11-01 01:19:00,,False,,
sensor_018,2023-11-01 01:20:00,66.99472262406674,,,
sensor_026,2023-11-01 01:21:00,,,False,
sensor_023,2023-11-01 01:22:00,85.74800808739663,,,
sensor_061,2023-11-01 01:23:00,,,True,
sensor_039,2023-11-01 01:24:00,,,,13.364504337653823
sensor_048,2023-11-01 01:25:00,,,,-3.323009064700539
sensor_013,2023-11-01 01:26:00,,False,,
sensor_031,2023-11-01 01:27:00,,,False,
sensor_069,2023-11-01 01:28:00,,,False,
sensor_074,2023-11-01 01:29:00,48.19395812384095,,,
sensor_009,2023-11-01 01:30:00,,True,,
sensor_021,2023-11-01 01:31:00,32.40746545521776,,,
sensor_086,2023-11-01 01:32:00,,False,,
sensor_043,2023-11-01 01:33:00,37.05074396918003,,,
sensor_045,2023-11-01 01:34:00,26.652556336425533,,,
sensor_025,2023-11-01 01:35:00,,,,26.59540097897635
sensor_052,2023-11-01 01:36:00,,False,,
sensor_027,2023-11-01 01:37:00,,,False,
sensor_058,2023-11-01 01:38:00,52.23518044704379,,,
sensor_053,2023-11-01 01:39:00,,True,,
sensor_025,2023-11-01 01:40:00,,,,-1.002986677065616
sensor_021,2023-11-01 01:41:00,69.50235097400042,,,
sensor_049,2023-11-01 01:42:00,70.40677066474541,,,
sensor_033,2023-11-01 01:43:00,,False,,
sensor_085,2023-11-01 01:44:00,,,True,
sensor_007,2023-11-01 01:45:00,,,True,
sensor_078,2023-11-01 01:46:00,,True,,
sensor_082,2023-11-01 01:47:00,,,,31.80241620308753
sensor_032,2023-11-01 01:48:00,,False,,
sensor_091,2023-11-01 01:49:00,60.149164631298895,,,
sensor_099,2023-11-01 01:50:00,,,True,
sensor_020,2023-11-01 01:51:00,,True,,
sensor_088,2023-11-01 01:52:00,38.24647877827482,,,
sensor_083,2023-11-01 01:53:00,70.8885018532099,,,
sensor_015,2023-11-01 01:54:00,46.56325884735075,,,
sensor_087,2023-11-01 01:55:00,,True,,
sensor_019,2023-11-01 01:56:00,46.979974972065115,,,
sensor_074,2023-11-01 01:57:00,55.54392792023799,,,
sensor_058,2023-11-01 01:58:00,28.802953760254475,,,
sensor_034,2023-11-01 01:59:00,,False,,
sensor_075,2023-11-01 02:00:00,33.874597134880034,,,
sensor_065,2023-11-01 02:01:00,82.83573373180668,,,
sensor_003,2023-11-01 02:02:00,41.74269460006302,,,
sensor_029,2023-11-01 02:03:00,,True,,
sensor_010,2023-11-01 02:04:00,,True,,
sensor_098,2023-11-01 02:05:00,87.48122390968906,,,
sensor_023,2023-11-01 02:06:00,70.10631568401668,,,
sensor_074,2023-11-01 02:07:00,87.89320966286142,,,
sensor_010,2023-11-01 02:08:00,,True,,
sensor_020,2023-11-01 02:09:00,,True,,
sensor_050,2023-11-01 02:10:00,26.284352602794144,,,
sensor_013,2023-11-01 02:11:00,,False,,
sensor_049,2023-11-01 02:12:00,72.65783023808615,,,
sensor_073,2023-11-01 02:13:00,,False,,
sensor_054,2023-11-01 02:14:00,,,False,
sensor_011,2023-11-01 02:15:00,,,,22.31588696705952
sensor_018,2023-11-01 02:16:00,77.14913917367421,,,
sensor_051,2023-11-01 02:17:00,,,False,
sensor_039,2023-11-01 02:18:00,,,,0.47238197066716126
sensor_043,2023-11-01 02:19:00,54.09297144827592,,,
sensor_015,2023-11-01 02:20:00,82.89984591393538,,,
sensor_037,2023-11-01 02:21:00,,,,29.209163332907295
sensor_082,2023-11-01 02:22:00,,,,23.50878248638758
sensor_018,2023-11-01 02:23:00,35.878640645508135,,,
sensor_034,2023-11-01 02:24:00,,False,,
sensor_046,2023-11-01 02:25:00,,,False,
sensor_088,2023-11-01 02:26:00,76.28081295438025,,,
sensor_073,2023-11-01 02:27:00,,False,,
sensor_047,2023-11-01 02:28:00,,,False,
sensor_058,2023-11-01 02:29:00,70.76439296451449,,,
sensor_077,2023-11-01 02:30:00,,,True,
sensor_093,2023-11-01 02:31:00,,,,26.726030880911956
sensor_025,2023-11-01 02:32:00,,,,-4.031415350517664
sensor_014,2023-11-01 02:33:00,,,,33.20082824672804
sensor_097,2023-11-01 02:34:00,,,,2.7974193212744254
sensor_088,2023-11-01 02:35:00,38.09534830760626,,,
sensor_095,2023-11-01 02:36:00,56.660177312234985,,,
sensor_005,2023-11-01 02:37:00,,,,-7.05807543525903
sensor_092,2023-11-01 02:38:00,,,True,
sensor_044,2023-11-01 02:39:00,61.65176112239165,,,
sensor_025,2023-11-01 02:40:00,,,,-5.983864170566102
sensor_058,2023-11-01 02:41:00,24.662271728608665,,,
sensor_085,2023-11-01 02:42:00,,,False,
sensor_026,2023-11-01 02:43:00,,,False,
sensor_038,2023-11-01 02:44:00,,True,,
sensor_007,2023-11-01 02:45:00,,,True,
sensor_022,2023-11-01 02:46:00,,True,,
sensor_038,2023-11-01 02:47:00,,True,,
sensor_017,2023-11-01 02:48:00,,,False,
sensor_078,2023-11-01 02:49:00,,True,,
sensor_066,2023-11-01 02:50:00,,,,30.328658650772198
sensor_093,2023-11-01 02:51:00,,,,-0.2034105561299384
sensor_010,2023-11-01 02:52:00,,False,,
sensor_099,2023-11-01 02:53:00,,,True,
sensor_040,2023-11-01 02:54:00,46.07540063039015,,,
sensor_098,2023-11-01 02:55:00,64.94452223241012,,,
sensor_099,2023-11-01 02:56:00,,,True,
sensor_066,2023-11-01 02:57:00,,,,-1.2922248593192904
sensor_025,2023-11-01 02:58:00,,,,33.28760134906423
sensor_007,2023-11-01 02:59:00,,,True,
sensor_067,2023-11-01 03:00:00,,,,-7.10784886605153
sensor_075,2023-11-01 03:01:00,36.257690277696526,,,
sensor_008,2023-11-01 03:02:00,,True,,
sensor_073,2023-11-01 03:03:00,,True,,
sensor_023,2023-11-01 03:04:00,80.5921261692658,,,
sensor_002,2023-11-01 03:05:00,,,,26.095242997567652
sensor_081,2023-11-01 03:06:00,,,True,
sensor_008,2023-11-01 03:07:00,,True,,
sensor_064,2023-11-01 03:08:00,34.05805847484406,,,
sensor_043,2023-11-01 03:09:00,86.90261994149458,,,
sensor_004,2023-11-01 03:10:00,,,,39.14367377098308
sensor_059,2023-11-01 03:11:00,,,True,
sensor_100,2023-11-01 03:12:00,,,,41.53949057256172
sensor_057,2023-11-01 03:13:00,,False,,
sensor_010,2023-11-01 03:14:00,,True,,
sensor_058,2023-11-01 03:15:00,29.019992821328465,,,
sensor_023,2023-11-01 03:16:00,70.97160008241929,,,
sensor_029,2023-11-01 03:17:00,,False,,
sensor_085,2023-11-01 03:18:00,,,False,
sensor_006,2023-11-01 03:19:00,,,True,
sensor_013,2023-11-01 03:20:00,,False,,
sensor_096,2023-11-01 03:21:00,,,True,
sensor_010,2023-11-01 03:22:00,,True,,
sensor_090,2023-11-01 03:23:00,,,,-2.5788791019268853
sensor_003,2023-11-01 03:24:00,55.073729300621245,,,
sensor_084,2023-11-01 03:25:00,,,True,
sensor_057,2023-11-01 03:26:00,,False,,
sensor_064,2023-11-01 03:27:00,65.63423824316307,,,
sensor_023,2023-11-01 03:28:00,66.18710410194032,,,
sensor_064,2023-11-01 03:29:00,45.89424802019117,,,
sensor_070,2023-11-01 03:30:00,,False,,
sensor_099,2023-11-01 03:31:00,,,True,
sensor_006,2023-11-01 03:32:00,,,False,
sensor_018,2023-11-01 03:33:00,48.03814761996263,,,
sensor_022,2023-11-01 03:34:00,,True,,
sensor_028,2023-11-01 03:35:00,,,False,
sensor_093,2023-11-01 03:36:00,,,,11.263665265726896
sensor_073,2023-11-01 03:37:00,,True,,
sensor_098,2023-11-01 03:38:00,57.15005907663847,,,
sensor_097,2023-11-01 03:39:00,,,,27.88812507913193
sensor_011,2023-11-01 03:40:00,,,,24.124428863644965
sensor_055,2023-11-01 03:41:00,32.04621476711026,,,
sensor_093,2023-11-01 03:42:00,,,,48.421313189975486
sensor_046,2023-11-01 03:43:00,,,False,
sensor_091,2023-11-01 03:44:00,83.10372777733137,,,
sensor_066,2023-11-01 03:45:00,,,,12.680279123643132
sensor_034,2023-11-01 03:46:00,,False,,
sensor_027,2023-11-01 03:47:00,,,False,
sensor_063,2023-11-01 03:48:00,,,False,
sensor_043,2023-11-01 03:49:00,42.10229808746996,,,
sensor_021,2023-11-01 03:50:00,29.28776282709353,,,
sensor_095,2023-11-01 03:51:00,68.60202257285279,,,
sensor_084,2023-11-01 03:52:00,,,True,
sensor_024,2023-11-01 03:53:00,,,True,
sensor_012,2023-11-01 03:54:00,23.311525576228036,,,
sensor_004,2023-11-01 03:55:00,,,,-1.5666806590611309
sensor_073,2023-11-01 03:56:00,,False,,
sensor_055,2023-11-01 03:57:00,55.19566625071689,,,
sensor_054,2023-11-01 03:58:00,,,True,
sensor_076,2023-11-01 03:59:00,,False,,
sensor_074,2023-11-01 04:00:00,32.509366226691434,,,
sensor_099,2023-11-01 04:01:00,,,True,
sensor_089,2023-11-01 04:02:00,,,,46.09036463435355
sensor_044,2023-11-01 04:03:00,78.46842917871598,,,
sensor_013,2023-11-01 04:04:00,,False,,
sensor_027,2023-11-01 04:05:00,,,True,
sensor_093,2023-11-01 04:06:00,,,,31.560829557013314
sensor_004,2023-11-01 04:07:00,,,,1.105435424353276
sensor_059,2023-11-01 04:08:00,,,True,
sensor_089,2023-11-01 04:09:00,,,,37.47879800861528
sensor_056,2023-11-01 04:10:00,55.79034888570933,,,
sensor_052,2023-11-01 04:11:00,,False,,
sensor_026,2023-11-01 04:12:00,,,True,
sensor_046,2023-11-01 04:13:00,,,False,
sensor_088,2023-11-01 04:14:00,24.477422008008485,,,
sensor_082,2023-11-01 04:15:00,,,,3.352225503480163
sensor_049,2023-11-01 04:16:00,44.739259887146595,,,
sensor_084,2023-11-01 04:17:00,,,False,
sensor_028,2023-11-01 04:18:00,,,False,
sensor_022,2023-11-01 04:19:00,,True,,
sensor_055,2023-11-01 04:20:00,67.07106033304316,,,
sensor_026,2023-11-01 04:21:00,,,False,
sensor_087,2023-11-01 04:22:00,,True,,
sensor_086,2023-11-01 04:23:00,,True,,
sensor_087,2023-11-01 04:24:00,,False,,
sensor_009,2023-11-01 04:25:00,,True,,
sensor_052,2023-11-01 04:26:00,,True,,
sensor_072,2023-11-01 04:27:00,,,,30.873433571538257
sensor_097,2023-11-01 04:28:00,,,,39.65967943000917
sensor_049,2023-11-01 04:29:00,38.37235872215138,,,
sensor_067,2023-11-01 04:30:00,,,,42.46209072641632
sensor_066,2023-11-01 04:31:00,,,,27.972169853813604
sensor_080,2023-11-01 04:32:00,,True,,
sensor_058,2023-11-01 04:33:00,57.011710893853,,,
sensor_076,2023-11-01 04:34:00,,False,,
sensor_089,2023-11-01 04:35:00,,,,16.743279152620477
sensor_038,2023-11-01 04:36:00,,True,,
sensor_060,2023-11-01 04:37:00,83.36432319391228,,,
sensor_044,2023-11-01 04:38:00,28.964571218794738,,,
sensor_042,2023-11-01 04:39:00,,False,,
sensor_095,2023-11-01 04:40:00,49.273478592237026,,,
sensor_044,2023-11-01 04:41:00,69.23658296463307,,,
sensor_052,2023-11-01 04:42:00,,True,,
sensor_054,2023-11-01 04:43:00,,,False,
sensor_008,2023-11-01 04:44:00,,True,,
sensor_033,2023-11-01 04:45:00,,True,,
sensor_089,2023-11-01 04:46:00,,,,48.11558575423833
sensor_071,2023-11-01 04:47:00,,,,37.28503599892692
sensor_054,2023-11-01 04:48:00,,,False,
sensor_022,2023-11-01 04:49:00,,True,,
sensor_081,2023-11-01 04:50:00,,,False,
sensor_030,2023-11-01 04:51:00,,,False,
sensor_016,2023-11-01 04:52:00,,,True,
sensor_069,2023-11-01 04:53:00,,,False,
sensor_085,2023-11-01 04:54:00,,,True,
sensor_086,2023-11-01 04:55:00,,False,,
sensor_052,2023-11-01 04:56:00,,False,,
sensor_009,2023-11-01 04:57:00,,True,,
sensor_044,2023-11-01 04:58:00,55.69276458341,,,
sensor_057,2023-11-01 04:59:00,,True,,
sensor_055,2023-11-01 05:00:00,46.56590220915895,,,
sensor_010,2023-11-01 05:01:00,,True,,
sensor_001,2023-11-01 05:02:00,29.94084127267717,,,
sensor_082,2023-11-01 05:03:00,,,,-0.5914425688953688
sensor_017,2023-11-01 05:04:00,,,False,
sensor_035,2023-11-01 05:05:00,,False,,
sensor_096,2023-11-01 05:06:00,,,False,
sensor_019,2023-11-01 05:07:00,43.93291881555094,,,
sensor_053,2023-11-01 05:08:00,,False,,
sensor_097,2023-11-01 05:09:00,,,,-6.992846901496637
sensor_005,2023-11-01 05:10:00,,,,25.862356945293406
sensor_059,2023-11-01 05:11:00,,,True,
sensor_094,2023-11-01 05:12:00,74.45410594329334,,,
sensor_085,2023-11-01 05:13:00,,,True,
sensor_083,2023-11-01 05:14:00,63.13857929508007,,,
sensor_055,2023-11-01 05:15:00,62.264768179286975,,,
sensor_018,2023-11-01 05:16:00,26.351499629835114,,,
sensor_025,2023-11-01 05:17:00,,,,48.925044982164515
sensor_060,2023-11-01 05:18:00,39.69096619599928,,,
sensor_082,2023-11-01 05:19:00,,,,26.55341259467511
sensor_011,2023-11-01 05:20:00,,,,-9.70486919102301
sensor_073,2023-11-01 05:21:00,,False,,
sensor_092,2023-11-01 05:22:00,,,True,
sensor_076,2023-11-01 05:23:00,,False,,
sensor_056,2023-11-01 05:24:00,48.41847124264066,,,
sensor_097,2023-11-01 05:25:00,,,,33.42635184289605
sensor_049,2023-11-01 05:26:00,55.941240867899744,,,
sensor_074,2023-11-01 05:27:00,60.30649001860432,,,
sensor_008,2023-11-01 05:28:00,,False,,
sensor_092,2023-11-01 05:29:00,,,True,
sensor_036,2023-11-01 05:30:00,,,False,
sensor_059,2023-11-01 05:31:00,,,False,
sensor_054,2023-11-01 05:32:00,,,False,
sensor_093,2023-11-01 05:33:00,,,,5.019357972491786
sensor_030,2023-11-01 05:34:00,,,False,
sensor_005,2023-11-01 05:35:00,,,,21.534605334187294
sensor_069,2023-11-01 05:36:00,,,False,
sensor_080,2023-11-01 05:37:00,,True,,
sensor_003,2023-11-01 05:38:00,37.7435908788261,,,
sensor_099,2023-11-01 05:39:00,,,False,
sensor_019,2023-11-01 05:40:00,89.87065638786223,,,
sensor_076,2023-11-01 05:41:00,,False,,
sensor_076,2023-11-01 05:42:00,,True,,
sensor_023,2023-11-01 05:43:00,72.26920364049745,,,
sensor_018,2023-11-01 05:44:00,36.180235151163885,,,
sensor_072,2023-11-01 05:45:00,,,,34.96784071463564
sensor_050,2023-11-01 05:46:00,74.43671794398682,,,
sensor_026,2023-11-01 05:47:00,,,False,
sensor_100,2023-11-01 05:48:00,,,,25.03094151228322
sensor_066,2023-11-01 05:49:00,,,,12.372105030059377
sensor_030,2023-11-01 05:50:00,,,True,
sensor_008,2023-11-01 05:51:00,,True,,
sensor_029,2023-11-01 05:52:00,,True,,
sensor_027,2023-11-01 05:53:00,,,False,
sensor_029,2023-11-01 05:54:00,,True,,
sensor_046,2023-11-01 05:55:00,,,True,
sensor_068,2023-11-01 05:56:00,,,True,
sensor_069,2023-11-01 05:57:00,,,False,
sensor_042,2023-11-01 05:58:00,,False,,
sensor_076,2023-11-01 05:59:00,,True,,
sensor_040,2023-11-01 06:00:00,41.15241648453775,,,
sensor_059,2023-11-01 06:01:00,,,True,
sensor_083,2023-11-01 06:02:00,30.793079288097395,,,
sensor_092,2023-11-01 06:03:00,,,True,
sensor_045,2023-11-01 06:04:00,53.44651940988444,,,
sensor_088,2023-11-01 06:05:00,79.05269860444074,,,
sensor_036,2023-11-01 06:06:00,,,True,
sensor_033,2023-11-01 06:07:00,,True,,
sensor_012,2023-11-01 06:08:00,26.70244506648981,,,
sensor_073,2023-11-01 06:09:00,,False,,
sensor_010,2023-11-01 06:10:00,,True,,
sensor_058,2023-11-01 06:11:00,35.26234467859532,,,
sensor_061,2023-11-01 06:12:00,,,True,
sensor_071,2023-11-01 06:13:00,,,,42.390270010902604
sensor_004,2023-11-01 06:14:00,,,,24.25479312814084
sensor_080,2023-11-01 06:15:00,,True,,
sensor_067,2023-11-01 06:16:00,,,,12.307827884301147
sensor_044,2023-11-01 06:17:00,22.641143978520287,,,
sensor_051,2023-11-01 06:18:00,,,False,
sensor_017,2023-11-01 06:19:00,,,True,
sensor_064,2023-11-01 06:20:00,37.88333240274502,,,
sensor_018,2023-11-01 06:21:00,89.47743620712467,,,
sensor_094,2023-11-01 06:22:00,22.001975018109473,,,
sensor_050,2023-11-01 06:23:00,29.182091749571562,,,
sensor_066,2023-11-01 06:24:00,,,,41.50169813596968
sensor_091,2023-11-01 06:25:00,79.36313239499351,,,
sensor_094,2023-11-01 06:26:00,88.9931006496188,,,
sensor_072,2023-11-01 06:27:00,,,,41.19711373318015
sensor_084,2023-11-01 06:28:00,,,True,
sensor_093,2023-11-01 06:29:00,,,,3.1827037872149866
sensor_025,2023-11-01 06:30:00,,,,-7.117010863380093
sensor_070,2023-11-01 06:31:00,,False,,
sensor_046,2023-11-01 06:32:00,,,True,
sensor_054,2023-11-01 06:33:00,,,False,
sensor_020,2023-11-01 06:34:00,,True,,
sensor_036,2023-11-01 06:35:00,,,False,
sensor_047,2023-11-01 06:36:00,,,True,
sensor_017,2023-11-01 06:37:00,,,False,
sensor_062,2023-11-01 06:38:00,,,True,
sensor_058,2023-11-01 06:39:00,36.65847408733687,,,
sensor_029,2023-11-01 06:40:00,,True,,
sensor_018,2023-11-01 06:41:00,48.25013063515188,,,
sensor_042,2023-11-01 06:42:00,,True,,
sensor_033,2023-11-01 06:43:00,,True,,
sensor_085,2023-11-01 06:44:00,,,True,
sensor_048,2023-11-01 06:45:00,,,,-7.461501061142057
sensor_060,2023-11-01 06:46:00,37.590613976301995,,,
sensor_089,2023-11-01 06:47:00,,,,8.836994880608412
sensor_046,2023-11-01 06:48:00,,,False,
sensor_084,2023-11-01 06:49:00,,,True,
sensor_020,2023-11-01 06:50:00,,False,,
sensor_065,2023-11-01 06:51:00,87.5671747009767,,,
sensor_042,2023-11-01 06:52:00,,False,,
sensor_006,2023-11-01 06:53:00,,,False,
sensor_053,2023-11-01 06:54:00,,False,,
sensor_026,2023-11-01 06:55:00,,,False,
sensor_038,2023-11-01 06:56:00,,True,,
sensor_044,2023-11-01 06:57:00,26.009900363441908,,,
sensor_070,2023-11-01 06:58:00,,False,,
sensor_006,2023-11-01 06:59:00,,,True,
sensor_061,2023-11-01 07:00:00,,,False,
sensor_083,2023-11-01 07:01:00,47.384205946185894,,,
sensor_056,2023-11-01 07:02:00,66.24520808010875,,,
sensor_097,2023-11-01 07:03:00,,,,18.272333503798755
sensor_074,2023-11-01 07:04:00,59.01592186204543,,,
sensor_089,2023-11-01 07:05:00,,,,5.167634417043434
sensor_071,2023-11-01 07:06:00,,,,23.246174864619967
sensor_014,2023-11-01 07:07:00,,,,49.85995346984704
sensor_005,2023-11-01 07:08:00,,,,2.1742153545258027
sensor_100,2023-11-01 07:09:00,,,,1.9876936453735041
sensor_070,2023-11-01 07:10:00,,True,,
sensor_071,2023-11-01 07:11:00,,,,11.548559486551706
sensor_065,2023-11-01 07:12:00,54.55795117260699,,,
sensor_021,2023-11-01 07:13:00,21.996215925845213,,,
sensor_035,2023-11-01 07:14:00,,False,,
sensor_016,2023-11-01 07:15:00,,,True,
sensor_015,2023-11-01 07:16:00,87.94394431603467,,,
sensor_036,2023-11-01 07:17:00,,,False,
sensor_063,2023-11-01 07:18:00,,,True,
sensor_093,2023-11-01 07:19:00,,,,-0.21960552790505616
sensor_052,2023-11-01 07:20:00,,False,,
sensor_052,2023-11-01 07:21:00,,False,,
sensor_068,2023-11-01 07:22:00,,,True,
sensor_068,2023-11-01 07:23:00,,,False,
sensor_024,2023-11-01 07:24:00,,,True,
sensor_096,2023-11-01 07:25:00,,,True,
sensor_030,2023-11-01 07:26:00,,,True,
sensor_091,2023-11-01 07:27:00,88.08663473569656,,,
sensor_042,2023-11-01 07:28:00,,False,,
sensor_010,2023-11-01 07:29:00,,False,,
sensor_030,2023-11-01 07:30:00,,,False,
sensor_069,2023-11-01 07:31:00,,,False,
sensor_068,2023-11-01 07:32:00,,,True,
sensor_010,2023-11-01 07:33:00,,True,,
sensor_032,2023-11-01 07:34:00,,True,,
sensor_001,2023-11-01 07:35:00,77.51603383547682,,,
sensor_007,2023-11-01 07:36:00,,,False,
sensor_073,2023-11-01 07:37:00,,True,,
sensor_085,2023-11-01 07:38:00,,,False,
sensor_029,2023-11-01 07:39:00,,True,,
sensor_028,2023-11-01 07:40:00,,,False,
sensor_079,2023-11-01 07:41:00,,False,,
sensor_037,2023-11-01 07:42:00,,,,31.00423578106615
sensor_091,2023-11-01 07:43:00,45.946492552382765,,,
sensor_051,2023-11-01 07:44:00,,,True,
sensor_021,2023-11-01 07:45:00,38.809137580039675,,,
sensor_080,2023-11-01 07:46:00,,True,,
sensor_056,2023-11-01 07:47:00,80.35944302244238,,,
sensor_039,2023-11-01 07:48:00,,,,32.201310886092294
sensor_007,2023-11-01 07:49:00,,,False,
sensor_069,2023-11-01 07:50:00,,,True,
sensor_041,2023-11-01 07:51:00,32.6245650665891,,,
sensor_075,2023-11-01 07:52:00,46.62059659248399,,,
sensor_012,2023-11-01 07:53:00,64.43261985042892,,,
sensor_022,2023-11-01 07:54:00,,False,,
sensor_088,2023-11-01 07:55:00,24.996936816414255,,,
sensor_064,2023-11-01 07:56:00,57.92195891626831,,,
sensor_039,2023-11-01 07:57:00,,,,5.962872107956805
sensor_033,2023-11-01 07:58:00,,True,,
sensor_028,2023-11-01 07:59:00,,,True,
sensor_086,2023-11-01 08:00:00,,True,,
sensor_036,2023-11-01 08:01:00,,,True,
sensor_012,2023-11-01 08:02:00,77.6216706207598,,,
sensor_038,2023-11-01 08:03:00,,True,,
sensor_048,2023-11-01 08:04:00,,,,13.126056029110263
sensor_031,2023-11-01 08:05:00,,,False,
sensor_088,2023-11-01 08:06:00,81.6186756662661,,,
sensor_044,2023-11-01 08:07:00,81.25066353715155,,,
sensor_035,2023-11-01 08:08:00,,True,,
sensor_001,2023-11-01 08:09:00,41.90592478028385,,,
sensor_024,2023-11-01 08:10:00,,,True,
sensor_038,2023-11-01 08:11:00,,True,,
sensor_085,2023-11-01 08:12:00,,,True,
sensor_067,2023-11-01 08:13:00,,,,22.00524357122095
sensor_060,2023-11-01 08:14:00,85.15769500182824,,,
sensor_097,2023-11-01 08:15:00,,,,-8.287267690783821
sensor_028,2023-11-01 08:16:00,,,False,
sensor_091,2023-11-01 08:17:00,43.993777268119516,,,
sensor_014,2023-11-01 08:18:00,,,,17.61796228372885
sensor_088,2023-11-01 08:19:00,79.68584923141489,,,
sensor_005,2023-11-01 08:20:00,,,,19.190718232589298
sensor_065,2023-11-01 08:21:00,88.42975130881861,,,
sensor_093,2023-11-01 08:22:00,,,,48.24225065420791
sensor_097,2023-11-01 08:23:00,,,,36.62434190163834
sensor_015,2023-11-01 08:24:00,70.41042789202568,,,
sensor_086,2023-11-01 08:25:00,,False,,
sensor_043,2023-11-01 08:26:00,45.71818715593318,,,
sensor_006,2023-11-01 08:27:00,,,False,
sensor_035,2023-11-01 08:28:00,,False,,
sensor_078,2023-11-01 08:29:00,,True,,
sensor_079,2023-11-01 08:30:00,,True,,
sensor_071,2023-11-01 08:31:00,,,,10.667729966259728
sensor_041,2023-11-01 08:32:00,29.50813445934092,,,
sensor_047,2023-11-01 08:33:00,,,True,
sensor_034,2023-11-01 08:34:00,,False,,
sensor_072,2023-11-01 08:35:00,,,,15.943939189366457
sensor_074,2023-11-01 08:36:00,60.93986328345589,,,
sensor_076,2023-11-01 08:37:00,,True,,
sensor_028,2023-11-01 08:38:00,,,False,
sensor_081,2023-11-01 08:39:00,,,True,
sensor_073,2023-11-01 08:40:00,,False,,
sensor_086,2023-11-01 08:41:00,,True,,
sensor_079,2023-11-01 08:42:00,,False,,
sensor_008,2023-11-01 08:43:00,,False,,
sensor_040,2023-11-01 08:44:00,51.34161936324971,,,
sensor_092,2023-11-01 08:45:00,,,False,
sensor_089,2023-11-01 08:46:00,,,,31.611138406387965
sensor_045,2023-11-01 08:47:00,86.03534352903293,,,
sensor_009,2023-11-01 08:48:00,,True,,
sensor_059,2023-11-01 08:49:00,,,False,
sensor_019,2023-11-01 08:50:00,86.11506884630711,,,
sensor_060,2023-11-01 08:51:00,84.93632003305791,,,
sensor_079,2023-11-01 08:52:00,,True,,
sensor_073,2023-11-01 08:53:00,,False,,
sensor_078,2023-11-01 08:54:00,,True,,
sensor_033,2023-11-01 08:55:00,,True,,
sensor_026,2023-11-01 08:56:00,,,False,
sensor_038,2023-11-01 08:57:00,,False,,
sensor_015,2023-11-01 08:58:00,31.86137530737259,,,
sensor_001,2023-11-01 08:59:00,40.720323942910504,,,
sensor_008,2023-11-01 09:00:00,,False,,
sensor_078,2023-11-01 09:01:00,,True,,
sensor_081,2023-11-01 09:02:00,,,True,
sensor_058,2023-11-01 09:03:00,34.015223824212825,,,
sensor_040,2023-11-01 09:04:00,75.22102320215257,,,
sensor_022,2023-11-01 09:05:00,,False,,
sensor_085,2023-11-01 09:06:00,,,False,
sensor_085,2023-11-01 09:07:00,,,True,
sensor_079,2023-11-01 09:08:00,,False,,
sensor_073,2023-11-01 09:09:00,,True,,
sensor_047,2023-11-01 09:10:00,,,True,
sensor_020,2023-11-01 09:11:00,,True,,
sensor_069,2023-11-01 09:12:00,,,True,
sensor_055,2023-11-01 09:13:00,80.72351606979824,,,
sensor_036,2023-11-01 09:14:00,,,True,
sensor_025,2023-11-01 09:15:00,,,,-4.857568632942906
sensor_098,2023-11-01 09:16:00,33.61291361335516,,,
sensor_015,2023-11-01 09:17:00,86.46950141068763,,,
sensor_068,2023-11-01 09:18:00,,,True,
sensor_009,2023-11-01 09:19:00,,True,,
sensor_003,2023-11-01 09:20:00,30.240807436345936,,,
sensor_017,2023-11-01 09:21:00,,,False,
sensor_081,2023-11-01 09:22:00,,,True,
sensor_090,2023-11-01 09:23:00,,,,27.55220943584191
sensor_020,2023-11-01 09:24:00,,False,,
sensor_042,2023-11-01 09:25:00,,True,,
sensor_051,2023-11-01 09:26:00,,,True,
sensor_083,2023-11-01 09:27:00,51.07025099499031,,,
sensor_005,2023-11-01 09:28:00,,,,26.76248425837821
sensor_046,2023-11-01 09:29:00,,,False,
sensor_030,2023-11-01 09:30:00,,,False,
sensor_087,2023-11-01 09:31:00,,True,,
sensor_075,2023-11-01 09:32:00,86.366433353471,,,
sensor_011,2023-11-01 09:33:00,,,,12.089878910194148
sensor_054,2023-11-01 09:34:00,,,False,
sensor_044,2023-11-01 09:35:00,89.449778832758,,,
sensor_075,2023-11-01 09:36:00,32.775043157852124,,,
sensor_041,2023-11-01 09:37:00,43.28246280865534,,,
sensor_094,2023-11-01 09:38:00,71.43011472140972,,,
sensor_034,2023-11-01 09:39:00,,True,,
sensor_020,2023-11-01 09:40:00,,False,,
sensor_014,2023-11-01 09:41:00,,,,4.446588957212441
sensor_069,2023-11-01 09:42:00,,,True,
sensor_046,2023-11-01 09:43:00,,,True,
sensor_051,2023-11-01 09:44:00,,,True,
sensor_067,2023-11-01 09:45:00,,,,21.331278431670473
sensor_030,2023-11-01 09:46:00,,,True,
sensor_076,2023-11-01 09:47:00,,True,,
sensor_063,2023-11-01 09:48:00,,,False,
sensor_070,2023-11-01 09:49:00,,True,,
sensor_048,2023-11-01 09:50:00,,,,47.440078062357664
sensor_062,2023-11-01 09:51:00,,,True,
sensor_066,2023-11-01 09:52:00,,,,12.027387899049454
sensor_074,2023-11-01 09:53:00,45.977751352913884,,,
sensor_022,2023-11-01 09:54:00,,True,,
sensor_087,2023-11-01 09:55:00,,True,,
sensor_091,2023-11-01 09:56:00,67.29058396925643,,,
sensor_047,2023-11-01 09:57:00,,,True,
sensor_075,2023-11-01 09:58:00,32.04289332162929,,,
sensor_044,2023-11-01 09:59:00,42.15680317765177,,,
sensor_081,2023-11-01 10:00:00,,,True,
sensor_038,2023-11-01 10:01:00,,False,,
sensor_006,2023-11-01 10:02:00,,,True,
sensor_028,2023-11-01 10:03:00,,,False,
sensor_086,2023-11-01 10:04:00,,True,,
sensor_078,2023-11-01 10:05:00,,False,,
sensor_011,2023-11-01 10:06:00,,,,34.72836235288135
sensor_023,2023-11-01 10:07:00,61.448908018006755,,,
sensor_097,2023-11-01 10:08:00,,,,22.451350444845303
sensor_077,2023-11-01 10:09:00,,,True,
sensor_031,2023-11-01 10:10:00,,,False,
sensor_025,2023-11-01 10:11:00,,,,-6.373708968270297
sensor_027,2023-11-01 10:12:00,,,True,
sensor_015,2023-11-01 10:13:00,67.23614132107969,,,
sensor_055,2023-11-01 10:14:00,75.49689525793787,,,
sensor_079,2023-11-01 10:15:00,,False,,
sensor_007,2023-11-01 10:16:00,,,True,
sensor_052,2023-11-01 10:17:00,,False,,
sensor_017,2023-11-01 10:18:00,,,False,
sensor_084,2023-11-01 10:19:00,,,True,
sensor_020,2023-11-01 10:20:00,,True,,
sensor_015,2023-11-01 10:21:00,89.59405952330783,,,
sensor_086,2023-11-01 10:22:00,,False,,
sensor_082,2023-11-01 10:23:00,,,,7.380620534612053
sensor_062,2023-11-01 10:24:00,,,True,
sensor_040,2023-11-01 10:25:00,36.162947346482326,,,
sensor_063,2023-11-01 10:26:00,,,True,
sensor_091,2023-11-01 10:27:00,30.156915459464194,,,
sensor_056,2023-11-01 10:28:00,39.37615675138872,,,
sensor_088,2023-11-01 10:29:00,80.75942132321033,,,
sensor_021,2023-11-01 10:30:00,59.78005847513069,,,
sensor_082,2023-11-01 10:31:00,,,,19.36032574480556
sensor_034,2023-11-01 10:32:00,,False,,
sensor_027,2023-11-01 10:33:00,,,False,
sensor_017,2023-11-01 10:34:00,,,True,
sensor_028,2023-11-01 10:35:00,,,False,
sensor_092,2023-11-01 10:36:00,,,True,
sensor_010,2023-11-01 10:37:00,,True,,
sensor_024,2023-11-01 10:38:00,,,True,
sensor_045,2023-11-01 10:39:00,63.14801862674214,,,
sensor_022,2023-11-01 10:40:00,,True,,
sensor_007,2023-11-01 10:41:00,,,False,
sensor_058,2023-11-01 10:42:00,30.976149850479455,,,
sensor_063,2023-11-01 10:43:00,,,True,
sensor_078,2023-11-01 10:44:00,,True,,
sensor_021,2023-11-01 10:45:00,23.01336532754165,,,
sensor_099,2023-11-01 10:46:00,,,True,
sensor_091,2023-11-01 10:47:00,75.5726421753051,,,
sensor_021,2023-11-01 10:48:00,45.94014941855653,,,
sensor_046,2023-11-01 10:49:00,,,False,
sensor_033,2023-11-01 10:50:00,,True,,
sensor_058,2023-11-01 10:51:00,41.6926968279584,,,
sensor_040,2023-11-01 10:52:00,61.65845550875985,,,
sensor_005,2023-11-01 10:53:00,,,,12.760541263886815
sensor_021,2023-11-01 10:54:00,32.4385779657456,,,
sensor_087,2023-11-01 10:55:00,,True,,
sensor_011,2023-11-01 10:56:00,,,,-4.3520873995773846
sensor_094,2023-11-01 10:57:00,80.2110360524757,,,
sensor_067,2023-11-01 10:58:00,,,,-5.562530231912812
sensor_069,2023-11-01 10:59:00,,,False,
sensor_001,2023-11-01 11:00:00,75.9377025808477,,,
sensor_004,2023-11-01 11:01:00,,,,23.345285388191016
sensor_058,2023-11-01 11:02:00,43.51705477210655,,,
sensor_041,2023-11-01 11:03:00,59.90676282741341,,,
sensor_002,2023-11-01 11:04:00,,,,0.8130878112275042
sensor_055,2023-11-01 11:05:00,33.13054749085303,,,
sensor_074,2023-11-01 11:06:00,40.74632855691409,,,
sensor_080,2023-11-01 11:07:00,,True,,
sensor_065,2023-11-01 11:08:00,85.82474611484656,,,
sensor_083,2023-11-01 11:09:00,45.95749612223952,,,
sensor_025,2023-11-01 11:10:00,,,,24.547370908560694
sensor_073,2023-11-01 11:11:00,,True,,
sensor_051,2023-11-01 11:12:00,,,False,
sensor_032,2023-11-01 11:13:00,,False,,
sensor_097,2023-11-01 11:14:00,,,,-8.764694049311165
sensor_080,2023-11-01 11:15:00,,True,,
sensor_018,2023-11-01 11:16:00,63.96319633944472,,,
sensor_024,2023-11-01 11:17:00,,,False,
sensor_097,2023-11-01 11:18:00,,,,32.41062391351504
sensor_008,2023-11-01 11:19:00,,True,,
sensor_080,2023-11-01 11:20:00,,True,,
sensor_076,2023-11-01 11:21:00,,False,,
sensor_029,2023-11-01 11:22:00,,True,,
sensor_079,2023-11-01 11:23:00,,True,,
sensor_060,2023-11-01 11:24:00,43.77354573641637,,,
sensor_082,2023-11-01 11:25:00,,,,16.328949040189332
sensor_034,2023-11-01 11:26:00,,False,,
sensor_067,2023-11-01 11:27:00,,,,6.109057333341031
sensor_033,2023-11-01 11:28:00,,True,,
sensor_055,2023-11-01 11:29:00,54.635559667514705,,,
sensor_084,2023-11-01 11:30:00,,,False,
sensor_056,2023-11-01 11:31:00,59.32541708202963,,,
sensor_083,2023-11-01 11:32:00,88.33956093805733,,,
sensor_088,2023-11-01 11:33:00,37.84771156190056,,,
sensor_041,2023-11-01 11:34:00,69.96263429339083,,,
sensor_004,2023-11-01 11:35:00,,,,1.39252375362614
sensor_037,2023-11-01 11:36:00,,,,21.042700703430143
sensor_034,2023-11-01 11:37:00,,False,,
sensor_068,2023-11-01 11:38:00,,,True,
sensor_049,2023-11-01 11:39:00,64.28692048303017,,,
sensor_037,2023-11-01 11:40:00,,,,11.386426548135496
sensor_016,2023-11-01 11:41:00,,,True,
sensor_083,2023-11-01 11:42:00,79.61636821566783,,,
sensor_031,2023-11-01 11:43:00,,,False,
sensor_027,2023-11-01 11:44:00,,,False,
sensor_037,2023-11-01 11:45:00,,,,41.72546027718922
sensor_099,2023-11-01 11:46:00,,,False,
sensor_015,2023-11-01 11:47:00,45.16368758879986,,,
sensor_066,2023-11-01 11:48:00,,,,-0.30545245100829455
sensor_085,2023-11-01 11:49:00,,,True,
sensor_070,2023-11-01 11:50:00,,True,,
sensor_046,2023-11-01 11:51:00,,,True,
sensor_070,2023-11-01 11:52:00,,True,,
sensor_098,2023-11-01 11:53:00,65.68277638158366,,,
sensor_066,2023-11-01 11:54:00,,,,15.208826826238951
sensor_092,2023-11-01 11:55:00,,,True,
sensor_050,2023-11-01 11:56:00,88.47349150797669,,,
sensor_047,2023-11-01 11:57:00,,,True,
sensor_068,2023-11-01 11:58:00,,,True,
sensor_001,2023-11-01 11:59:00,75.83655941188654,,,
sensor_067,2023-11-01 12:00:00,,,,12.199544623577097
sensor_096,2023-11-01 12:01:00,,,False,
sensor_004,2023-11-01 12:02:00,,,,12.96743511002234
sensor_066,2023-11-01 12:03:00,,,,-1.3140530055617443
sensor_067,2023-11-01 12:04:00,,,,5.52943312615373
sensor_015,2023-11-01 12:05:00,50.96471984597662,,,
sensor_061,2023-11-01 12:06:00,,,True,
sensor_064,2023-11-01 12:07:00,56.725708159792084,,,
sensor_010,2023-11-01 12:08:00,,True,,
sensor_066,2023-11-01 12:09:00,,,,9.52645230850922
sensor_040,2023-11-01 12:10:00,22.932122227978155,,,
sensor_083,2023-11-01 12:11:00,83.6016646264099,,,
sensor_022,2023-11-01 12:12:00,,True,,
sensor_066,2023-11-01 12:13:00,,,,17.684728249535365
sensor_070,2023-11-01 12:14:00,,False,,
sensor_092,2023-11-01 12:15:00,,,True,
sensor_081,2023-11-01 12:16:00,,,False,
sensor_044,2023-11-01 12:17:00,50.99995630915351,,,
sensor_063,2023-11-01 12:18:00,,,False,
sensor_099,2023-11-01 12:19:00,,,True,
sensor_013,2023-11-01 12:20:00,,False,,
sensor_077,2023-11-01 12:21:00,,,True,
sensor_073,2023-11-01 12:22:00,,True,,
sensor_021,2023-11-01 12:23:00,25.675427419642553,,,
sensor_039,2023-11-01 12:24:00,,,,49.22866467147317
sensor_016,2023-11-01 12:25:00,,,False,
sensor_038,2023-11-01 12:26:00,,True,,
sensor_081,2023-11-01 12:27:00,,,False,
sensor_051,2023-11-01 12:28:00,,,True,
sensor_040,2023-11-01 12:29:00,57.5267949090326,,,
sensor_077,2023-11-01 12:30:00,,,False,
sensor_091,2023-11-01 12:31:00,28.688517292522853,,,
sensor_086,2023-11-01 12:32:00,,True,,
sensor_041,2023-11-01 12:33:00,53.63612262145189,,,
sensor_040,2023-11-01 12:34:00,46.76735911896439,,,
sensor_010,2023-11-01 12:35:00,,False,,
sensor_068,2023-11-01 12:36:00,,,False,
sensor_048,2023-11-01 12:37:00,,,,22.60506150824473
sensor_032,2023-11-01 12:38:00,,False,,
sensor_023,2023-11-01 12:39:00,72.247625869437,,,
sensor_053,2023-11-01 12:40:00,,True,,
sensor_018,2023-11-01 12:41:00,50.598763061906055,,,
sensor_046,2023-11-01 12:42:00,,,False,
sensor_053,2023-11-01 12:43:00,,True,,
sensor_053,2023-11-01 12:44:00,,False,,
sensor_088,2023-11-01 12:45:00,56.560070490640946,,,
sensor_069,2023-11-01 12:46:00,,,False,
sensor_041,2023-11-01 12:47:00,37.783950635044704,,,
sensor_008,2023-11-01 12:48:00,,False,,
sensor_019,2023-11-01 12:49:00,34.97698050335317,,,
sensor_083,2023-11-01 12:50:00,24.06583694891881,,,
sensor_036,2023-11-01 12:51:00,,,False,
sensor_048,2023-11-01 12:52:00,,,,18.63283627205389
sensor_005,2023-11-01 12:53:00,,,,37.837814121606854
sensor_091,2023-11-01 12:54:00,22.63372139615205,,,
sensor_100,2023-11-01 12:55:00,,,,22.39013708770164
sensor_042,2023-11-01 12:56:00,,True,,
sensor_016,2023-11-01 12:57:00,,,False,
sensor_067,2023-11-01 12:58:00,,,,23.108538608798952
sensor_083,2023-11-01 12:59:00,37.72641840580466,,,
sensor_075,2023-11-01 13:00:00,48.213332695281665,,,
sensor_021,2023-11-01 13:01:00,30.710369315285902,,,
sensor_077,2023-11-01 13:02:00,,,False,
sensor_041,2023-11-01 13:03:00,30.049910966792844,,,
sensor_088,2023-11-01 13:04:00,66.46629499814271,,,
sensor_085,2023-11-01 13:05:00,,,True,
sensor_021,2023-11-01 13:06:00,53.68631023000975,,,
sensor_094,2023-11-01 13:07:00,72.50916712383798,,,
sensor_020,2023-11-01 13:08:00,,True,,
sensor_059,2023-11-01 13:09:00,,,False,
sensor_092,2023-11-01 13:10:00,,,True,
sensor_057,2023-11-01 13:11:00,,True,,
sensor_024,2023-11-01 13:12:00,,,True,
sensor_068,2023-11-01 13:13:00,,,False,
sensor_055,2023-11-01 13:14:00,64.58168415018497,,,
sensor_040,2023-11-01 13:15:00,26.148615856416964,,,
sensor_094,2023-11-01 13:16:00,71.26139886488616,,,
sensor_077,2023-11-01 13:17:00,,,False,
sensor_069,2023-11-01 13:18:00,,,False,
sensor_035,2023-11-01 13:19:00,,True,,
sensor_039,2023-11-01 13:20:00,,,,-9.01909617684569
sensor_018,2023-11-01 13:21:00,66.9848042821153,,,
sensor_090,2023-11-01 13:22:00,,,,26.257154657211714
sensor_014,2023-11-01 13:23:00,,,,16.8821625876125
sensor_043,2023-11-01 13:24:00,45.12728126320211,,,
sensor_084,2023-11-01 13:25:00,,,False,
sensor_011,2023-11-01 13:26:00,,,,-4.201976779478107
sensor_076,2023-11-01 13:27:00,,True,,
sensor_087,2023-11-01 13:28:00,,True,,
sensor_026,2023-11-01 13:29:00,,,True,
sensor_081,2023-11-01 13:30:00,,,False,
sensor_097,2023-11-01 13:31:00,,,,17.20197301820455
sensor_030,2023-11-01 13:32:00,,,True,
sensor_005,2023-11-01 13:33:00,,,,37.955496744165224
sensor_004,2023-11-01 13:34:00,,,,16.661786318754615
sensor_094,2023-11-01 13:35:00,40.616839988575165,,,
sensor_074,2023-11-01 13:36:00,87.56644272491917,,,
sensor_046,2023-11-01 13:37:00,,,False,
sensor_075,2023-11-01 13:38:00,26.446990732421156,,,
sensor_040,2023-11-01 13:39:00,22.04188932726787,,,
sensor_058,2023-11-01 13:40:00,74.78241676717249,,,
sensor_057,2023-11-01 13:41:00,,False,,
sensor_096,2023-11-01 13:42:00,,,False,
sensor_086,2023-11-01 13:43:00,,True,,
sensor_010,2023-11-01 13:44:00,,False,,
sensor_051,2023-11-01 13:45:00,,,False,
sensor_074,2023-11-01 13:46:00,21.90312008149656,,,
sensor_079,2023-11-01 13:47:00,,True,,
sensor_098,2023-11-01 13:48:00,70.20524494067415,,,
sensor_038,2023-11-01 13:49:00,,True,,
sensor_028,2023-11-01 13:50:00,,,False,
sensor_030,2023-11-01 13:51:00,,,False,
sensor_037,2023-11-01 13:52:00,,,,29.520154087606215
sensor_076,2023-11-01 13:53:00,,True,,
sensor_013,2023-11-01 13:54:00,,False,,
sensor_038,2023-11-01 13:55:00,,True,,
sensor_042,2023-11-01 13:56:00,,True,,
sensor_005,2023-11-01 13:57:00,,,,33.33305501668954
sensor_026,2023-11-01 13:58:00,,,False,
sensor_028,2023-11-01 13:59:00,,,False,
sensor_039,2023-11-01 14:00:00,,,,13.36214703420012
sensor_069,2023-11-01 14:01:00,,,True,
sensor_097,2023-11-01 14:02:00,,,,27.287204235620976
sensor_012,2023-11-01 14:03:00,58.1242171273891,,,
sensor_024,2023-11-01 14:04:00,,,False,
sensor_040,2023-11-01 14:05:00,63.40397849166202,,,
sensor_089,2023-11-01 14:06:00,,,,-8.827589556542595
sensor_091,2023-11-01 14:07:00,53.84622664469086,,,
sensor_048,2023-11-01 14:08:00,,,,26.38286140225054
sensor_012,2023-11-01 14:09:00,49.23273934004757,,,
sensor_016,2023-11-01 14:10:00,,,True,
sensor_026,2023-11-01 14:11:00,,,False,
sensor_024,2023-11-01 14:12:00,,,True,
sensor_001,2023-11-01 14:13:00,40.25112434997072,,,
sensor_066,2023-11-01 14:14:00,,,,2.067268364550438
sensor_010,2023-11-01 14:15:00,,False,,
sensor_041,2023-11-01 14:16:00,82.86080945917641,,,
sensor_009,2023-11-01 14:17:00,,True,,
sensor_041,2023-11-01 14:18:00,74.16231641011272,,,
sensor_075,2023-11-01 14:19:00,38.87364678043821,,,
sensor_064,2023-11-01 14:20:00,37.45350872464673,,,
sensor_048,2023-11-01 14:21:00,,,,-4.532561108274747
sensor_023,2023-11-01 14:22:00,89.9233501126494,,,
sensor_076,2023-11-01 14:23:00,,False,,
sensor_099,2023-11-01 14:24:00,,,False,
sensor_074,2023-11-01 14:25:00,86.65712849554319,,,
sensor_082,2023-11-01 14:26:00,,,,-9.705237727276137
sensor_010,2023-11-01 14:27:00,,False,,
sensor_045,2023-11-01 14:28:00,75.27559163774488,,,
sensor_034,2023-11-01 14:29:00,,False,,
sensor_071,2023-11-01 14:30:00,,,,16.108329506073215
sensor_011,2023-11-01 14:31:00,,,,-6.531848822609576
sensor_019,2023-11-01 14:32:00,26.75344516245177,,,
sensor_058,2023-11-01 14:33:00,32.34688934865072,,,
sensor_064,2023-11-01 14:34:00,61.32959535429043,,,
sensor_078,2023-11-01 14:35:00,,False,,
sensor_008,2023-11-01 14:36:00,,True,,
sensor_070,2023-11-01 14:37:00,,False,,
sensor_002,2023-11-01 14:38:00,,,,13.048870729873954
sensor_022,2023-11-01 14:39:00,,True,,
sensor_082,2023-11-01 14:40:00,,,,46.66465248376527
sensor_013,2023-11-01 14:41:00,,False,,
sensor_002,2023-11-01 14:42:00,,,,9.114814552725136
sensor_033,2023-11-01 14:43:00,,True,,
sensor_025,2023-11-01 14:44:00,,,,14.147432940120865
sensor_004,2023-11-01 14:45:00,,,,32.647713545113774
sensor_004,2023-11-01 14:46:00,,,,14.349234624861236
sensor_024,2023-11-01 14:47:00,,,False,
sensor_018,2023-11-01 14:48:00,78.26983645915892,,,
sensor_086,2023-11-01 14:49:00,,False,,
sensor_073,2023-11-01 14:50:00,,True,,
sensor_039,2023-11-01 14:51:00,,,,33.36789441254484
sensor_096,2023-11-01 14:52:00,,,False,
sensor_054,2023-11-01 14:53:00,,,True,
sensor_050,2023-11-01 14:54:00,46.39438120499278,,,
sensor_088,2023-11-01 14:55:00,79.28889331277593,,,
sensor_094,2023-11-01 14:56:00,24.500611511575578,,,
sensor_043,2023-11-01 14:57:00,54.34648760698024,,,
sensor_066,2023-11-01 14:58:00,,,,19.947249556939354
sensor_062,2023-11-01 14:59:00,,,False,
sensor_072,2023-11-01 15:00:00,,,,44.23565879673576
sensor_005,2023-11-01 15:01:00,,,,46.20056829205505
sensor_051,2023-11-01 15:02:00,,,False,
sensor_049,2023-11-01 15:03:00,48.63332282886435,,,
sensor_059,2023-11-01 15:04:00,,,True,
sensor_082,2023-11-01 15:05:00,,,,33.669255176040174
sensor_034,2023-11-01 15:06:00,,False,,
sensor_040,2023-11-01 15:07:00,54.845633229576876,,,
sensor_026,2023-11-01 15:08:00,,,True,
sensor_054,2023-11-01 15:09:00,,,False,
sensor_072,2023-11-01 15:10:00,,,,46.450072291818934
sensor_020,2023-11-01 15:11:00,,True,,
sensor_019,2023-11-01 15:12:00,61.01286489291506,,,
sensor_011,2023-11-01 15:13:00,,,,32.575699445167906
sensor_051,2023-11-01 15:14:00,,,True,
sensor_029,2023-11-01 15:15:00,,False,,
sensor_055,2023-11-01 15:16:00,27.41185688855228,,,
sensor_008,2023-11-01 15:17:00,,False,,
sensor_070,2023-11-01 15:18:00,,False,,
sensor_001,2023-11-01 15:19:00,49.165015355618806,,,
sensor_048,2023-11-01 15:20:00,,,,25.463160306394037
sensor_004,2023-11-01 15:21:00,,,,18.277626704158298
sensor_062,2023-11-01 15:22:00,,,True,
sensor_049,2023-11-01 15:23:00,63.33331415450103,,,
sensor_006,2023-11-01 15:24:00,,,False,
sensor_072,2023-11-01 15:25:00,,,,-6.873902707144466
sensor_039,2023-11-01 15:26:00,,,,32.27354469978164
sensor_097,2023-11-01 15:27:00,,,,30.378051483168193
sensor_004,2023-11-01 15:28:00,,,,12.152145465418648
sensor_050,2023-11-01 15:29:00,64.90558523787368,,,
sensor_005,2023-11-01 15:30:00,,,,6.591684245640785
sensor_035,2023-11-01 15:31:00,,False,,
sensor_056,2023-11-01 15:32:00,81.25843026073528,,,
sensor_093,2023-11-01 15:33:00,,,,47.46783296905499
sensor_058,2023-11-01 15:34:00,57.239149201512795,,,
sensor_094,2023-11-01 15:35:00,68.37299249508087,,,
sensor_067,2023-11-01 15:36:00,,,,-9.864975257848114
sensor_004,2023-11-01 15:37:00,,,,8.344652875970404
sensor_061,2023-11-01 15:38:00,,,True,
sensor_058,2023-11-01 15:39:00,85.14023885171629,,,
sensor_013,2023-11-01 15:40:00,,False,,
sensor_094,2023-11-01 15:41:00,21.73997920204894,,,
sensor_035,2023-11-01 15:42:00,,True,,
sensor_064,2023-11-01 15:43:00,84.08434599572549,,,
sensor_016,2023-11-01 15:44:00,,,False,
sensor_071,2023-11-01 15:45:00,,,,24.194571129061664
sensor_026,2023-11-01 15:46:00,,,True,
sensor_065,2023-11-01 15:47:00,59.59410126260068,,,
sensor_043,2023-11-01 15:48:00,75.2269973945666,,,
sensor_057,2023-11-01 15:49:00,,True,,
sensor_071,2023-11-01 15:50:00,,,,20.922178504171143
sensor_053,2023-11-01 15:51:00,,True,,
sensor_033,2023-11-01 15:52:00,,True,,
sensor_067,2023-11-01 15:53:00,,,,24.707851381492283
sensor_090,2023-11-01 15:54:00,,,,-3.079529317243999
sensor_079,2023-11-01 15:55:00,,True,,
sensor_050,2023-11-01 15:56:00,80.51288917566032,,,
sensor_034,2023-11-01 15:57:00,,False,,
sensor_052,2023-11-01 15:58:00,,True,,
sensor_066,2023-11-01 15:59:00,,,,37.873345346731966
sensor_043,2023-11-01 16:00:00,70.37291268436564,,,
sensor_065,2023-11-01 16:01:00,36.53428284295146,,,
sensor_082,2023-11-01 16:02:00,,,,42.951785185373176
sensor_096,2023-11-01 16:03:00,,,True,
sensor_027,2023-11-01 16:04:00,,,True,
sensor_077,2023-11-01 16:05:00,,,False,
sensor_086,2023-11-01 16:06:00,,True,,
sensor_047,2023-11-01 16:07:00,,,True,
sensor_006,2023-11-01 16:08:00,,,True,
sensor_028,2023-11-01 16:09:00,,,True,
sensor_006,2023-11-01 16:10:00,,,True,
sensor_015,2023-11-01 16:11:00,23.91290309951407,,,
sensor_073,2023-11-01 16:12:00,,False,,
sensor_088,2023-11-01 16:13:00,89.80534929482272,,,
sensor_071,2023-11-01 16:14:00,,,,19.27157647428581
sensor_099,2023-11-01 16:15:00,,,True,
sensor_096,2023-11-01 16:16:00,,,True,
sensor_088,2023-11-01 16:17:00,46.972449701001445,,,
sensor_071,2023-11-01 16:18:00,,,,2.8460172232543073
sensor_033,2023-11-01 16:19:00,,True,,
sensor_063,2023-11-01 16:20:00,,,False,
sensor_086,2023-11-01 16:21:00,,True,,
sensor_050,2023-11-01 16:22:00,62.756786701199886,,,
sensor_076,2023-11-01 16:23:00,,False,,
sensor_073,2023-11-01 16:24:00,,True,,
sensor_033,2023-11-01 16:25:00,,False,,
sensor_038,2023-11-01 16:26:00,,True,,
sensor_093,2023-11-01 16:27:00,,,,30.291891376837263
sensor_063,2023-11-01 16:28:00,,,False,
sensor_024,2023-11-01 16:29:00,,,False,
sensor_023,2023-11-01 16:30:00,89.97759941459482,,,
sensor_028,2023-11-01 16:31:00,,,False,
sensor_063,2023-11-01 16:32:00,,,True,
sensor_065,2023-11-01 16:33:00,65.60844730133644,,,
sensor_012,2023-11-01 16:34:00,39.1187832034893,,,
sensor_021,2023-11-01 16:35:00,27.955213535388925,,,
sensor_057,2023-11-01 16:36:00,,False,,
sensor_050,2023-11-01 16:37:00,33.165254040716825,,,
sensor_027,2023-11-01 16:38:00,,,False,
sensor_076,2023-11-01 16:39:00,,False,,
sensor_080,2023-11-01 16:40:00,,True,,
sensor_026,2023-11-01 16:41:00,,,False,
sensor_044,2023-11-01 16:42:00,77.48980909658874,,,
sensor_095,2023-11-01 16:43:00,88.64473489408975,,,
sensor_100,2023-11-01 16:44:00,,,,15.640614323730112
sensor_029,2023-11-01 16:45:00,,False,,
sensor_096,2023-11-01 16:46:00,,,False,
sensor_042,2023-11-01 16:47:00,,False,,
sensor_031,2023-11-01 16:48:00,,,False,
sensor_016,2023-11-01 16:49:00,,,True,
sensor_062,2023-11-01 16:50:00,,,True,
sensor_055,2023-11-01 16:51:00,89.38817755721043,,,
sensor_033,2023-11-01 16:52:00,,False,,
sensor_014,2023-11-01 16:53:00,,,,-8.061546029851467
sensor_072,2023-11-01 16:54:00,,,,6.084127309492601
sensor_078,2023-11-01 16:55:00,,True,,
sensor_002,2023-11-01 16:56:00,,,,-2.0973667962963667
sensor_084,2023-11-01 16:57:00,,,True,
sensor_003,2023-11-01 16:58:00,67.26860783356655,,,
sensor_031,2023-11-01 16:59:00,,,False,
sensor_099,2023-11-01 17:00:00,,,False,
sensor_019,2023-11-01 17:01:00,38.15855338628327,,,
sensor_066,2023-11-01 17:02:00,,,,27.43807762028871
sensor_059,2023-11-01 17:03:00,,,True,
sensor_041,2023-11-01 17:04:00,77.87796386371573,,,
sensor_063,2023-11-01 17:05:00,,,True,
sensor_013,2023-11-01 17:06:00,,False,,
sensor_026,2023-11-01 17:07:00,,,True,
sensor_095,2023-11-01 17:08:00,65.80186583622758,,,
sensor_059,2023-11-01 17:09:00,,,False,
sensor_048,2023-11-01 17:10:00,,,,17.831543633431785
sensor_100,2023-11-01 17:11:00,,,,14.114480933995683
sensor_032,2023-11-01 17:12:00,,False,,
sensor_011,2023-11-01 17:13:00,,,,23.716883879259818
sensor_098,2023-11-01 17:14:00,56.56050231965393,,,
sensor_006,2023-11-01 17:15:00,,,True,
sensor_012,2023-11-01 17:16:00,32.24321666599434,,,
sensor_007,2023-11-01 17:17:00,,,True,
sensor_051,2023-11-01 17:18:00,,,False,
sensor_002,2023-11-01 17:19:00,,,,46.593820612468534
sensor_073,2023-11-01 17:20:00,,False,,
sensor_022,2023-11-01 17:21:00,,False,,
sensor_026,2023-11-01 17:22:00,,,True,
sensor_063,2023-11-01 17:23:00,,,False,
sensor_062,2023-11-01 17:24:00,,,False,
sensor_065,2023-11-01 17:25:00,60.738272866567684,,,
sensor_072,2023-11-01 17:26:00,,,,-8.786361857872247
sensor_045,2023-11-01 17:27:00,83.63437492836329,,,
sensor_056,2023-11-01 17:28:00,42.39472723481203,,,
sensor_006,2023-11-01 17:29:00,,,True,
sensor_069,2023-11-01 17:30:00,,,False,
sensor_016,2023-11-01 17:31:00,,,False,
sensor_093,2023-11-01 17:32:00,,,,46.47131439150382
sensor_045,2023-11-01 17:33:00,29.673070828960395,,,
sensor_035,2023-11-01 17:34:00,,False,,
sensor_077,2023-11-01 17:35:00,,,False,
sensor_091,2023-11-01 17:36:00,43.79889272930353,,,
sensor_046,2023-11-01 17:37:00,,,False,
sensor_046,2023-11-01 17:38:00,,,True,
sensor_076,2023-11-01 17:39:00,,True,,
sensor_048,2023-11-01 17:40:00,,,,-8.622347793955974
sensor_067,2023-11-01 17:41:00,,,,49.384195632763806
sensor_091,2023-11-01 17:42:00,70.9451849386584,,,
sensor_037,2023-11-01 17:43:00,,,,34.39961068055812
sensor_071,2023-11-01 17:44:00,,,,-3.3715868809094074
sensor_089,2023-11-01 17:45:00,,,,8.005993092742251
sensor_005,2023-11-01 17:46:00,,,,-0.9106955440300801
sensor_076,2023-11-01 17:47:00,,False,,
sensor_020,2023-11-01 17:48:00,,False,,
sensor_096,2023-11-01 17:49:00,,,False,
sensor_081,2023-11-01 17:50:00,,,True,
sensor_009,2023-11-01 17:51:00,,True,,
sensor_060,2023-11-01 17:52:00,54.287005757567414,,,
sensor_099,2023-11-01 17:53:00,,,False,
sensor_097,2023-11-01 17:54:00,,,,34.32957010844221
sensor_049,2023-11-01 17:55:00,66.55272318659266,,,
sensor_011,2023-11-01 17:56:00,,,,8.878631360138304
sensor_075,2023-11-01 17:57:00,46.975039605320745,,,
sensor_003,2023-11-01 17:58:00,45.9557355179428,,,
sensor_064,2023-11-01 17:59:00,42.54172484707546,,,
sensor_051,2023-11-01 18:00:00,,,False,
sensor_061,2023-11-01 18:01:00,,,True,
sensor_043,2023-11-01 18:02:00,46.761148241375935,,,
sensor_013,2023-11-01 18:03:00,,False,,
sensor_077,2023-11-01 18:04:00,,,True,
sensor_035,2023-11-01 18:05:00,,False,,
sensor_098,2023-11-01 18:06:00,72.89686288981581,,,
sensor_014,2023-11-01 18:07:00,,,,9.635383789274037
sensor_079,2023-11-01 18:08:00,,False,,
sensor_071,2023-11-01 18:09:00,,,,12.806730181747547
sensor_051,2023-11-01 18:10:00,,,True,
sensor_094,2023-11-01 18:11:00,76.56154763331531,,,
sensor_038,2023-11-01 18:12:00,,True,,
sensor_011,2023-11-01 18:13:00,,,,-1.756787372645265
sensor_038,2023-11-01 18:14:00,,True,,
sensor_057,2023-11-01 18:15:00,,True,,
sensor_009,2023-11-01 18:16:00,,True,,
sensor_075,2023-11-01 18:17:00,56.147021623197986,,,
sensor_055,2023-11-01 18:18:00,63.71477121752202,,,
sensor_094,2023-11-01 18:19:00,70.85828573708957,,,
sensor_063,2023-11-01 18:20:00,,,True,
sensor_067,2023-11-01 18:21:00,,,,31.377266488482142
sensor_008,2023-11-01 18:22:00,,True,,
sensor_014,2023-11-01 18:23:00,,,,8.438556114426468
sensor_074,2023-11-01 18:24:00,72.59985498280508,,,
sensor_096,2023-11-01 18:25:00,,,True,
sensor_021,2023-11-01 18:26:00,62.95840833350634,,,
sensor_076,2023-11-01 18:27:00,,True,,
sensor_084,2023-11-01 18:28:00,,,True,
sensor_080,2023-11-01 18:29:00,,True,,
sensor_072,2023-11-01 18:30:00,,,,-6.277118704517153
sensor_002,2023-11-01 18:31:00,,,,-1.6962038694910717
sensor_038,2023-11-01 18:32:00,,False,,
sensor_074,2023-11-01 18:33:00,42.763827191158796,,,
sensor_018,2023-11-01 18:34:00,27.639362706872767,,,
sensor_094,2023-11-01 18:35:00,21.3161103301124,,,
sensor_001,2023-11-01 18:36:00,66.59240151990781,,,
sensor_060,2023-11-01 18:37:00,66.98076780217005,,,
sensor_030,2023-11-01 18:38:00,,,True,
sensor_082,2023-11-01 18:39:00,,,,33.93888511485808
sensor_061,2023-11-01 18:40:00,,,False,
sensor_049,2023-11-01 18:41:00,52.85039721834628,,,
sensor_021,2023-11-01 18:42:00,63.958400600548295,,,
sensor_054,2023-11-01 18:43:00,,,True,
sensor_058,2023-11-01 18:44:00,73.12772996226629,,,
sensor_001,2023-11-01 18:45:00,26.621647503136373,,,
sensor_049,2023-11-01 18:46:00,26.03093570553344,,,
sensor_099,2023-11-01 18:47:00,,,True,
sensor_060,2023-11-01 18:48:00,27.16776684453282,,,
sensor_010,2023-11-01 18:49:00,,False,,
sensor_037,2023-11-01 18:50:00,,,,-6.965800625876916
sensor_060,2023-11-01 18:51:00,70.74689759205064,,,
sensor_025,2023-11-01 18:52:00,,,,-8.292080439426602
sensor_061,2023-11-01 18:53:00,,,True,
sensor_072,2023-11-01 18:54:00,,,,-0.27144679676682415
sensor_010,2023-11-01 18:55:00,,False,,
sensor_037,2023-11-01 18:56:00,,,,18.559060720949596
sensor_070,2023-11-01 18:57:00,,True,,
sensor_054,2023-11-01 18:58:00,,,True,
sensor_001,2023-11-01 18:59:00,58.44157557329799,,,
sensor_053,2023-11-01 19:00:00,,False,,
sensor_042,2023-11-01 19:01:00,,False,,
sensor_024,2023-11-01 19:02:00,,,False,
sensor_042,2023-11-01 19:03:00,,False,,
sensor_021,2023-11-01 19:04:00,25.414491944512886,,,
sensor_021,2023-11-01 19:05:00,35.66002238658024,,,
sensor_023,2023-11-01 19:06:00,66.28039751990154,,,
sensor_001,2023-11-01 19:07:00,33.257985382617086,,,
sensor_025,2023-11-01 19:08:00,,,,-9.062293078494296
sensor_079,2023-11-01 19:09:00,,True,,
sensor_002,2023-11-01 19:10:00,,,,16.467333108723153
sensor_040,2023-11-01 19:11:00,85.3101529501202,,,
sensor_044,2023-11-01 19:12:00,49.804001925336806,,,
sensor_029,2023-11-01 19:13:00,,False,,
sensor_029,2023-11-01 19:14:00,,False,,
sensor_049,2023-11-01 19:15:00,77.49134772077231,,,
sensor_040,2023-11-01 19:16:00,31.528867728846357,,,
sensor_043,2023-11-01 19:17:00,52.38208525827099,,,
sensor_071,2023-11-01 19:18:00,,,,-4.441535899003572
sensor_005,2023-11-01 19:19:00,,,,11.890608879499812
sensor_005,2023-11-01 19:20:00,,,,-2.726193721858623
sensor_070,2023-11-01 19:21:00,,True,,
sensor_024,2023-11-01 19:22:00,,,True,
sensor_080,2023-11-01 19:23:00,,True,,
sensor_005,2023-11-01 19:24:00,,,,14.395044523457067
sensor_036,2023-11-01 19:25:00,,,True,
sensor_028,2023-11-01 19:26:00,,,False,
sensor_048,2023-11-01 19:27:00,,,,46.10692203889269
sensor_065,2023-11-01 19:28:00,33.517657433202615,,,
sensor_078,2023-11-01 19:29:00,,False,,
sensor_088,2023-11-01 19:30:00,53.99819857402692,,,
sensor_083,2023-11-01 19:31:00,79.85409802519675,,,
sensor_089,2023-11-01 19:32:00,,,,3.3834305740273045
sensor_036,2023-11-01 19:33:00,,,True,
sensor_014,2023-11-01 19:34:00,,,,48.61618591183322
sensor_053,2023-11-01 19:35:00,,False,,
sensor_030,2023-11-01 19:36:00,,,False,
sensor_083,2023-11-01 19:37:00,83.74023326887078,,,
sensor_018,2023-11-01 19:38:00,80.29289839341187,,,
sensor_080,2023-11-01 19:39:00,,True,,
sensor_066,2023-11-01 19:40:00,,,,18.709491297717197
sensor_089,2023-11-01 19:41:00,,,,11.663955018025
sensor_079,2023-11-01 19:42:00,,True,,
sensor_061,2023-11-01 19:43:00,,,False,
sensor_034,2023-11-01 19:44:00,,False,,
sensor_006,2023-11-01 19:45:00,,,False,
sensor_032,2023-11-01 19:46:00,,True,,
sensor_048,2023-11-01 19:47:00,,,,32.79535763651584
sensor_083,2023-11-01 19:48:00,58.956915294954094,,,
sensor_050,2023-11-01 19:49:00,72.57557006686046,,,
sensor_047,2023-11-01 19:50:00,,,False,
sensor_042,2023-11-01 19:51:00,,False,,
sensor_038,2023-11-01 19:52:00,,True,,
sensor_010,2023-11-01 19:53:00,,True,,
sensor_085,2023-11-01 19:54:00,,,False,
sensor_014,2023-11-01 19:55:00,,,,14.34494608916977
sensor_008,2023-11-01 19:56:00,,True,,
sensor_001,2023-11-01 19:57:00,72.66304296661858,,,
sensor_046,2023-11-01 19:58:00,,,True,
sensor_003,2023-11-01 19:59:00,30.29069528348486,,,
sensor_004,2023-11-01 20:00:00,,,,34.04557124117954
sensor_053,2023-11-01 20:01:00,,False,,
sensor_097,2023-11-01 20:02:00,,,,40.908707950036536
sensor_100,2023-11-01 20:03:00,,,,31.227307868194423
sensor_084,2023-11-01 20:04:00,,,True,
sensor_007,2023-11-01 20:05:00,,,False,
sensor_033,2023-11-01 20:06:00,,False,,
sensor_021,2023-11-01 20:07:00,86.57805870081432,,,
sensor_023,2023-11-01 20:08:00,35.090557855048814,,,
sensor_045,2023-11-01 20:09:00,57.51698192326849,,,
sensor_053,2023-11-01 20:10:00,,True,,
sensor_029,2023-11-01 20:11:00,,False,,
sensor_041,2023-11-01 20:12:00,67.53621752522548,,,
sensor_011,2023-11-01 20:13:00,,,,5.703280685745655
sensor_003,2023-11-01 20:14:00,40.94725749326024,,,
sensor_036,2023-11-01 20:15:00,,,True,
sensor_035,2023-11-01 20:16:00,,True,,
sensor_047,2023-11-01 20:17:00,,,False,
sensor_066,2023-11-01 20:18:00,,,,16.34109568489086
sensor_051,2023-11-01 20:19:00,,,True,
sensor_085,2023-11-01 20:20:00,,,True,
sensor_098,2023-11-01 20:21:00,60.48254202569705,,,
sensor_031,2023-11-01 20:22:00,,,True,
sensor_014,2023-11-01 20:23:00,,,,8.317790361630177
sensor_050,2023-11-01 20:24:00,39.348216229600055,,,
sensor_074,2023-11-01 20:25:00,61.05035089830944,,,
sensor_088,2023-11-01 20:26:00,74.62588642341252,,,
sensor_077,2023-11-01 20:27:00,,,True,
sensor_014,2023-11-01 20:28:00,,,,48.79192942895335
sensor_055,2023-11-01 20:29:00,38.67079895933897,,,
sensor_072,2023-11-01 20:30:00,,,,36.09639623064741
sensor_083,2023-11-01 20:31:00,26.00241926561405,,,
sensor_042,2023-11-01 20:32:00,,False,,
sensor_059,2023-11-01 20:33:00,,,True,
sensor_024,2023-11-01 20:34:00,,,True,
sensor_073,2023-11-01 20:35:00,,False,,
sensor_078,2023-11-01 20:36:00,,False,,
sensor_051,2023-11-01 20:37:00,,,True,
sensor_085,2023-11-01 20:38:00,,,True,
sensor_010,2023-11-01 20:39:00,,False,,
sensor_083,2023-11-01 20:40:00,67.56331060986452,,,
sensor_040,2023-11-01 20:41:00,71.08464898579837,,,
sensor_040,2023-11-01 20:42:00,25.54097994347021,,,
sensor_053,2023-11-01 20:43:00,,False,,
sensor_093,2023-11-01 20:44:00,,,,40.663570107033934
sensor_036,2023-11-01 20:45:00,,,True,
sensor_067,2023-11-01 20:46:00,,,,0.815587046325712
sensor_015,2023-11-01 20:47:00,49.709813640819604,,,
sensor_030,2023-11-01 20:48:00,,,False,
sensor_099,2023-11-01 20:49:00,,,True,
sensor_026,2023-11-01 20:50:00,,,False,
sensor_016,2023-11-01 20:51:00,,,True,
sensor_054,2023-11-01 20:52:00,,,True,
sensor_027,2023-11-01 20:53:00,,,True,
sensor_013,2023-11-01 20:54:00,,True,,
sensor_057,2023-11-01 20:55:00,,True,,
sensor_029,2023-11-01 20:56:00,,False,,
sensor_036,2023-11-01 20:57:00,,,False,
sensor_043,2023-11-01 20:58:00,32.29303547509273,,,
sensor_010,2023-11-01 20:59:00,,True,,
sensor_079,2023-11-01 21:00:00,,False,,
sensor_010,2023-11-01 21:01:00,,False,,
sensor_032,2023-11-01 21:02:00,,False,,
sensor_006,2023-11-01 21:03:00,,,False,
sensor_061,2023-11-01 21:04:00,,,False,
sensor_036,2023-11-01 21:05:00,,,False,
sensor_041,2023-11-01 21:06:00,30.438839426698674,,,
sensor_043,2023-11-01 21:07:00,86.6372302861862,,,
sensor_016,2023-11-01 21:08:00,,,True,
sensor_027,2023-11-01 21:09:00,,,True,
sensor_041,2023-11-01 21:10:00,75.71617500366224,,,
sensor_062,2023-11-01 21:11:00,,,False,
sensor_079,2023-11-01 21:12:00,,True,,
sensor_053,2023-11-01 21:13:00,,True,,
sensor_038,2023-11-01 21:14:00,,True,,
sensor_033,2023-11-01 21:15:00,,True,,
sensor_002,2023-11-01 21:16:00,,,,21.166864679889596
sensor_028,2023-11-01 21:17:00,,,True,
sensor_004,2023-11-01 21:18:00,,,,26.90794896216456
sensor_081,2023-11-01 21:19:00,,,True,
sensor_031,2023-11-01 21:20:00,,,False,
sensor_029,2023-11-01 21:21:00,,True,,
sensor_004,2023-11-01 21:22:00,,,,46.890373159099646
sensor_014,2023-11-01 21:23:00,,,,0.7006228406884922
sensor_086,2023-11-01 21:24:00,,True,,
sensor_073,2023-11-01 21:25:00,,True,,
sensor_035,2023-11-01 21:26:00,,True,,
sensor_053,2023-11-01 21:27:00,,False,,
sensor_088,2023-11-01 21:28:00,51.62440717782095,,,
sensor_059,2023-11-01 21:29:00,,,True,
sensor_052,2023-11-01 21:30:00,,True,,
sensor_044,2023-11-01 21:31:00,89.2401133537886,,,
sensor_055,2023-11-01 21:32:00,29.252065818824693,,,
sensor_008,2023-11-01 21:33:00,,True,,
sensor_094,2023-11-01 21:34:00,25.007792501273784,,,
sensor_017,2023-11-01 21:35:00,,,True,
sensor_069,2023-11-01 21:36:00,,,True,
sensor_034,2023-11-01 21:37:00,,False,,
sensor_094,2023-11-01 21:38:00,56.805812492581225,,,
sensor_095,2023-11-01 21:39:00,89.2798213040547,,,
sensor_036,2023-11-01 21:40:00,,,False,
sensor_068,2023-11-01 21:41:00,,,True,
sensor_018,2023-11-01 21:42:00,57.76775394595579,,,
sensor_079,2023-11-01 21:43:00,,True,,
sensor_070,2023-11-01 21:44:00,,False,,
sensor_043,2023-11-01 21:45:00,64.17040090032896,,,
sensor_043,2023-11-01 21:46:00,68.3882746865524,,,
sensor_062,2023-11-01 21:47:00,,,False,
sensor_078,2023-11-01 21:48:00,,True,,
sensor_056,2023-11-01 21:49:00,33.32282518820945,,,
sensor_094,2023-11-01 21:50:00,66.6397019213092,,,
sensor_008,2023-11-01 21:51:00,,False,,
sensor_058,2023-11-01 21:52:00,35.712503790889194,,,
sensor_019,2023-11-01 21:53:00,33.30608773170178,,,
sensor_052,2023-11-01 21:54:00,,True,,
sensor_081,2023-11-01 21:55:00,,,False,
sensor_030,2023-11-01 21:56:00,,,False,
sensor_059,2023-11-01 21:57:00,,,True,
sensor_028,2023-11-01 21:58:00,,,True,
sensor_031,2023-11-01 21:59:00,,,False,
sensor_013,2023-11-01 22:00:00,,True,,
sensor_097,2023-11-01 22:01:00,,,,11.402027548414363
sensor_003,2023-11-01 22:02:00,80.65261258115831,,,
sensor_003,2023-11-01 22:03:00,43.47871550125899,,,
sensor_019,2023-11-01 22:04:00,78.4931741441943,,,
sensor_097,2023-11-01 22:05:00,,,,23.76245374380933
sensor_035,2023-11-01 22:06:00,,False,,
sensor_031,2023-11-01 22:07:00,,,False,
sensor_062,2023-11-01 22:08:00,,,True,
sensor_046,2023-11-01 22:09:00,,,True,
sensor_012,2023-11-01 22:10:00,21.477774359647277,,,
sensor_092,2023-11-01 22:11:00,,,True,
sensor_003,2023-11-01 22:12:00,76.42284781977233,,,
sensor_027,2023-11-01 22:13:00,,,True,
sensor_066,2023-11-01 22:14:00,,,,6.804492956761326
sensor_014,2023-11-01 22:15:00,,,,46.782959248521095
sensor_085,2023-11-01 22:16:00,,,False,
sensor_065,2023-11-01 22:17:00,78.96712643671435,,,
sensor_053,2023-11-01 22:18:00,,True,,
sensor_047,2023-11-01 22:19:00,,,False,
sensor_006,2023-11-01 22:20:00,,,True,
sensor_013,2023-11-01 22:21:00,,True,,
sensor_097,2023-11-01 22:22:00,,,,-4.411368092838153
sensor_014,2023-11-01 22:23:00,,,,-9.335104008421196
sensor_027,2023-11-01 22:24:00,,,False,
sensor_095,2023-11-01 22:25:00,23.906078620209225,,,
sensor_090,2023-11-01 22:26:00,,,,44.48316806429959
sensor_071,2023-11-01 22:27:00,,,,39.590013004119626
sensor_039,2023-11-01 22:28:00,,,,34.85862639650688
sensor_089,2023-11-01 22:29:00,,,,27.099293452132272
sensor_044,2023-11-01 22:30:00,60.02304110740129,,,
sensor_025,2023-11-01 22:31:00,,,,19.64700673059955
sensor_010,2023-11-01 22:32:00,,False,,
sensor_049,2023-11-01 22:33:00,22.623685589424543,,,
sensor_002,2023-11-01 22:34:00,,,,12.851453011719038
sensor_057,2023-11-01 22:35:00,,True,,
sensor_001,2023-11-01 22:36:00,48.86330814049113,,,
sensor_041,2023-11-01 22:37:00,32.5174677014823,,,
sensor_018,2023-11-01 22:38:00,48.41288212546446,,,
sensor_032,2023-11-01 22:39:00,,False,,
sensor_088,2023-11-01 22:40:00,55.21276912775857,,,
sensor_044,2023-11-01 22:41:00,76.2989866486759,,,
sensor_083,2023-11-01 22:42:00,26.610763347124173,,,
sensor_075,2023-11-01 22:43:00,25.57120271481873,,,
sensor_098,2023-11-01 22:44:00,29.257012617312558,,,
sensor_050,2023-11-01 22:45:00,60.864159507358366,,,
sensor_001,2023-11-01 22:46:00,73.27913634686735,,,
sensor_027,2023-11-01 22:47:00,,,False,
sensor_001,2023-11-01 22:48:00,31.718249714030105,,,
sensor_039,2023-11-01 22:49:00,,,,17.19286921991676
sensor_055,2023-11-01 22:50:00,61.93336692087556,,,
sensor_062,2023-11-01 22:51:00,,,True,
sensor_079,2023-11-01 22:52:00,,False,,
sensor_086,2023-11-01 22:53:00,,True,,
sensor_035,2023-11-01 22:54:00,,True,,
sensor_006,2023-11-01 22:55:00,,,True,
sensor_001,2023-11-01 22:56:00,82.73599362281607,,,
sensor_063,2023-11-01 22:57:00,,,False,
sensor_044,2023-11-01 22:58:00,55.61951237242374,,,
sensor_029,2023-11-01 22:59:00,,False,,
sensor_075,2023-11-01 23:00:00,50.75972896688361,,,
sensor_099,2023-11-01 23:01:00,,,False,
sensor_067,2023-11-01 23:02:00,,,,42.14894605512469
sensor_014,2023-11-01 23:03:00,,,,44.64235146929904
sensor_005,2023-11-01 23:04:00,,,,34.9840444766997
sensor_035,2023-11-01 23:05:00,,True,,
sensor_051,2023-11-01 23:06:00,,,True,
sensor_030,2023-11-01 23:07:00,,,True,
sensor_090,2023-11-01 23:08:00,,,,25.74420864542634
sensor_048,2023-11-01 23:09:00,,,,9.91856649614438
sensor_088,2023-11-01 23:10:00,27.12355322532562,,,
sensor_096,2023-11-01 23:11:00,,,True,
sensor_057,2023-11-01 23:12:00,,False,,
sensor_087,2023-11-01 23:13:00,,False,,
sensor_008,2023-11-01 23:14:00,,True,,
sensor_018,2023-11-01 23:15:00,76.90986238754772,,,
sensor_081,2023-11-01 23:16:00,,,True,
sensor_008,2023-11-01 23:17:00,,True,,
sensor_077,2023-11-01 23:18:00,,,True,
sensor_043,2023-11-01 23:19:00,79.34109445098684,,,
sensor_058,2023-11-01 23:20:00,39.72847452213628,,,
sensor_072,2023-11-01 23:21:00,,,,8.469607724198802
sensor_017,2023-11-01 23:22:00,,,True,
sensor_084,2023-11-01 23:23:00,,,False,
sensor_026,2023-11-01 23:24:00,,,False,
sensor_027,2023-11-01 23:25:00,,,False,
sensor_035,2023-11-01 23:26:00,,False,,
sensor_008,2023-11-01 23:27:00,,True,,
sensor_036,2023-11-01 23:28:00,,,False,
sensor_019,2023-11-01 23:29:00,84.47186591041786,,,
sensor_077,2023-11-01 23:30:00,,,False,
sensor_086,2023-11-01 23:31:00,,False,,
sensor_098,2023-11-01 23:32:00,42.268680477985164,,,
sensor_014,2023-11-01 23:33:00,,,,23.03604884784449
sensor_078,2023-11-01 23:34:00,,True,,
sensor_008,2023-11-01 23:35:00,,True,,
sensor_012,2023-11-01 23:36:00,45.430533089211416,,,
sensor_047,2023-11-01 23:37:00,,,True,
sensor_091,2023-11-01 23:38:00,86.949379229199,,,
sensor_020,2023-11-01 23:39:00,,True,,
sensor_044,2023-11-01 23:40:00,42.32019187379436,,,
sensor_096,2023-11-01 23:41:00,,,True,
sensor_069,2023-11-01 23:42:00,,,True,
sensor_088,2023-11-01 23:43:00,80.98384190726259,,,
sensor_036,2023-11-01 23:44:00,,,False,
sensor_068,2023-11-01 23:45:00,,,False,
sensor_057,2023-11-01 23:46:00,,True,,
sensor_079,2023-11-01 23:47:00,,False,,
sensor_012,2023-11-01 23:48:00,32.05140226844536,,,
sensor_045,2023-11-01 23:49:00,69.89099718841075,,,
sensor_042,2023-11-01 23:50:00,,False,,
sensor_008,2023-11-01 23:51:00,,True,,
sensor_075,2023-11-01 23:52:00,40.160173130112426,,,
sensor_095,2023-11-01 23:53:00,38.275689224994046,,,
sensor_050,2023-11-01 23:54:00,44.41604396673383,,,
sensor_084,2023-11-01 23:55:00,,,True,
sensor_005,2023-11-01 23:56:00,,,,9.154368951389568
sensor_041,2023-11-01 23:57:00,38.638548920304245,,,
sensor_022,2023-11-01 23:58:00,,False,,
sensor_039,2023-11-01 23:59:00,,,,2.2504182840765985
sensor_070,2023-11-02 00:00:00,,False,,
sensor_023,2023-11-02 00:01:00,83.78100756808851,,,
sensor_075,2023-11-02 00:02:00,41.582710246680705,,,
sensor_083,2023-11-02 00:03:00,61.037448917885456,,,
sensor_013,2023-11-02 00:04:00,,True,,
sensor_019,2023-11-02 00:05:00,64.92078396332984,,,
sensor_050,2023-11-02 00:06:00,39.53848133426465,,,
sensor_059,2023-11-02 00:07:00,,,False,
sensor_082,2023-11-02 00:08:00,,,,0.29871751552122205
sensor_046,2023-11-02 00:09:00,,,True,
sensor_081,2023-11-02 00:10:00,,,False,
sensor_064,2023-11-02 00:11:00,89.45803330838886,,,
sensor_095,2023-11-02 00:12:00,32.235138782165315,,,
sensor_059,2023-11-02 00:13:00,,,True,
sensor_081,2023-11-02 00:14:00,,,True,
sensor_014,2023-11-02 00:15:00,,,,42.01891190746718
sensor_090,2023-11-02 00:16:00,,,,15.64162283561597
sensor_075,2023-11-02 00:17:00,81.56477642943311,,,
sensor_095,2023-11-02 00:18:00,62.742032476400446,,,
sensor_059,2023-11-02 00:19:00,,,False,
sensor_048,2023-11-02 00:20:00,,,,-0.3924320769744387
sensor_037,2023-11-02 00:21:00,,,,6.406587276215003
sensor_018,2023-11-02 00:22:00,51.63786142168561,,,
sensor_011,2023-11-02 00:23:00,,,,43.990468018562275
sensor_084,2023-11-02 00:24:00,,,False,
sensor_097,2023-11-02 00:25:00,,,,21.394134645148018
sensor_046,2023-11-02 00:26:00,,,False,
sensor_085,2023-11-02 00:27:00,,,True,
sensor_097,2023-11-02 00:28:00,,,,40.858474207205575
sensor_052,2023-11-02 00:29:00,,False,,
sensor_014,2023-11-02 00:30:00,,,,42.25420696368705
sensor_075,2023-11-02 00:31:00,86.47148374663382,,,
sensor_019,2023-11-02 00:32:00,75.05991774194894,,,
sensor_042,2023-11-02 00:33:00,,True,,
sensor_080,2023-11-02 00:34:00,,True,,
sensor_040,2023-11-02 00:35:00,82.19821813612177,,,
sensor_081,2023-11-02 00:36:00,,,False,
sensor_086,2023-11-02 00:37:00,,False,,
sensor_008,2023-11-02 00:38:00,,False,,
sensor_046,2023-11-02 00:39:00,,,True,
sensor_042,2023-11-02 00:40:00,,True,,
sensor_024,2023-11-02 00:41:00,,,True,
sensor_083,2023-11-02 00:42:00,58.712626726224386,,,
sensor_030,2023-11-02 00:43:00,,,True,
sensor_024,2023-11-02 00:44:00,,,True,
sensor_030,2023-11-02 00:45:00,,,True,
sensor_003,2023-11-02 00:46:00,81.6606230206348,,,
sensor_067,2023-11-02 00:47:00,,,,0.6772689300070738
sensor_042,2023-11-02 00:48:00,,False,,
sensor_078,2023-11-02 00:49:00,,True,,
sensor_080,2023-11-02 00:50:00,,True,,
sensor_088,2023-11-02 00:51:00,73.68926120955834,,,
sensor_091,2023-11-02 00:52:00,33.73970148151447,,,
sensor_030,2023-11-02 00:53:00,,,False,
sensor_076,2023-11-02 00:54:00,,True,,
sensor_071,2023-11-02 00:55:00,,,,13.588663097180245
sensor_029,2023-11-02 00:56:00,,True,,
sensor_074,2023-11-02 00:57:00,23.322006066293426,,,
sensor_032,2023-11-02 00:58:00,,True,,
sensor_027,2023-11-02 00:59:00,,,False,
sensor_040,2023-11-02 01:00:00,31.19637140850218,,,
sensor_085,2023-11-02 01:01:00,,,False,
sensor_086,2023-11-02 01:02:00,,False,,
sensor_082,2023-11-02 01:03:00,,,,7.193917508257261
sensor_094,2023-11-02 01:04:00,21.928656153880496,,,
sensor_043,2023-11-02 01:05:00,31.64549257305796,,,
sensor_050,2023-11-02 01:06:00,55.48177832213406,,,
sensor_031,2023-11-02 01:07:00,,,True,
sensor_014,2023-11-02 01:08:00,,,,0.713940454308954
sensor_067,2023-11-02 01:09:00,,,,1.667057909283363
sensor_065,2023-11-02 01:10:00,51.852639264846324,,,
sensor_079,2023-11-02 01:11:00,,True,,
sensor_007,2023-11-02 01:12:00,,,False,
sensor_068,2023-11-02 01:13:00,,,False,
sensor_019,2023-11-02 01:14:00,28.88435414277803,,,
sensor_072,2023-11-02 01:15:00,,,,16.366223441560773
sensor_087,2023-11-02 01:16:00,,True,,
sensor_039,2023-11-02 01:17:00,,,,32.97135982384198
sensor_035,2023-11-02 01:18:00,,False,,
sensor_004,2023-11-02 01:19:00,,,,3.628788444819497
sensor_045,2023-11-02 01:20:00,56.874234004147944,,,
sensor_049,2023-11-02 01:21:00,56.69429457408708,,,
sensor_022,2023-11-02 01:22:00,,True,,
sensor_071,2023-11-02 01:23:00,,,,43.3544994443307
sensor_021,2023-11-02 01:24:00,47.330728186069685,,,
sensor_079,2023-11-02 01:25:00,,False,,
sensor_034,2023-11-02 01:26:00,,False,,
sensor_007,2023-11-02 01:27:00,,,False,
sensor_036,2023-11-02 01:28:00,,,True,
sensor_062,2023-11-02 01:29:00,,,False,
sensor_051,2023-11-02 01:30:00,,,True,
sensor_004,2023-11-02 01:31:00,,,,3.430967955882874
sensor_072,2023-11-02 01:32:00,,,,33.64380564532015
sensor_019,2023-11-02 01:33:00,62.69570314318574,,,
sensor_061,2023-11-02 01:34:00,,,True,
sensor_040,2023-11-02 01:35:00,22.22288850835843,,,
sensor_047,2023-11-02 01:36:00,,,True,
sensor_001,2023-11-02 01:37:00,89.82939781261715,,,
sensor_064,2023-11-02 01:38:00,80.09683707885615,,,
sensor_021,2023-11-02 01:39:00,45.244235402495775,,,
sensor_037,2023-11-02 01:40:00,,,,9.430488450588996
sensor_083,2023-11-02 01:41:00,65.89558423206319,,,
sensor_056,2023-11-02 01:42:00,82.33915414299122,,,
sensor_012,2023-11-02 01:43:00,54.98755824587999,,,
sensor_031,2023-11-02 01:44:00,,,True,
sensor_023,2023-11-02 01:45:00,50.72774156690276,,,
sensor_099,2023-11-02 01:46:00,,,True,
sensor_041,2023-11-02 01:47:00,59.56208403158574,,,
sensor_019,2023-11-02 01:48:00,26.09408616556547,,,
sensor_054,2023-11-02 01:49:00,,,True,
sensor_010,2023-11-02 01:50:00,,True,,
sensor_071,2023-11-02 01:51:00,,,,28.287338652631142
sensor_023,2023-11-02 01:52:00,31.513925185448354,,,
sensor_063,2023-11-02 01:53:00,,,True,
sensor_058,2023-11-02 01:54:00,63.015096521844036,,,
sensor_031,2023-11-02 01:55:00,,,True,
sensor_049,2023-11-02 01:56:00,69.12158992255235,,,
sensor_015,2023-11-02 01:57:00,58.38248986341752,,,
sensor_045,2023-11-02 01:58:00,68.6323077810832,,,
sensor_005,2023-11-02 01:59:00,,,,8.599863007711072
sensor_027,2023-11-02 02:00:00,,,False,
sensor_072,2023-11-02 02:01:00,,,,32.13274797733261
sensor_056,2023-11-02 02:02:00,22.92244736448106,,,
sensor_013,2023-11-02 02:03:00,,False,,
sensor_034,2023-11-02 02:04:00,,True,,
sensor_084,2023-11-02 02:05:00,,,True,
sensor_065,2023-11-02 02:06:00,50.22387602722449,,,
sensor_079,2023-11-02 02:07:00,,False,,
sensor_037,2023-11-02 02:08:00,,,,26.610064699190673
sensor_004,2023-11-02 02:09:00,,,,1.5539978900780156
sensor_002,2023-11-02 02:10:00,,,,4.500836107115431
sensor_089,2023-11-02 02:11:00,,,,40.5426135682926
sensor_060,2023-11-02 02:12:00,33.01365741622811,,,
sensor_043,2023-11-02 02:13:00,32.90358882722841,,,
sensor_067,2023-11-02 02:14:00,,,,48.36371411091642
sensor_060,2023-11-02 02:15:00,40.60835324417472,,,
sensor_036,2023-11-02 02:16:00,,,False,
sensor_037,2023-11-02 02:17:00,,,,45.668123079517734
sensor_050,2023-11-02 02:18:00,21.078375197955523,,,
sensor_089,2023-11-02 02:19:00,,,,11.164991806249262
sensor_043,2023-11-02 02:20:00,59.84516652243479,,,
sensor_056,2023-11-02 02:21:00,40.99674364461212,,,
sensor_025,2023-11-02 02:22:00,,,,9.861895210249767
sensor_042,2023-11-02 02:23:00,,False,,
sensor_076,2023-11-02 02:24:00,,True,,
sensor_065,2023-11-02 02:25:00,24.4392473511666,,,
sensor_010,2023-11-02 02:26:00,,True,,
sensor_092,2023-11-02 02:27:00,,,True,
sensor_033,2023-11-02 02:28:00,,True,,
sensor_039,2023-11-02 02:29:00,,,,6.710577836715554
sensor_034,2023-11-02 02:30:00,,False,,
sensor_030,2023-11-02 02:31:00,,,False,
sensor_031,2023-11-02 02:32:00,,,False,
sensor_034,2023-11-02 02:33:00,,True,,
sensor_012,2023-11-02 02:34:00,87.55556875476461,,,
sensor_085,2023-11-02 02:35:00,,,True,
sensor_022,2023-11-02 02:36:00,,False,,
sensor_085,2023-11-02 02:37:00,,,True,
sensor_021,2023-11-02 02:38:00,80.63722700673803,,,
sensor_022,2023-11-02 02:39:00,,True,,
sensor_036,2023-11-02 02:40:00,,,True,
sensor_002,2023-11-02 02:41:00,,,,-6.848059620072933
sensor_056,2023-11-02 02:42:00,26.82463111816303,,,
sensor_069,2023-11-02 02:43:00,,,True,
sensor_014,2023-11-02 02:44:00,,,,-3.7008106246132293
sensor_074,2023-11-02 02:45:00,52.297024943150724,,,
sensor_008,2023-11-02 02:46:00,,False,,
sensor_081,2023-11-02 02:47:00,,,False,
sensor_016,2023-11-02 02:48:00,,,True,
sensor_022,2023-11-02 02:49:00,,False,,
sensor_088,2023-11-02 02:50:00,78.07472848022756,,,
sensor_085,2023-11-02 02:51:00,,,True,
sensor_057,2023-11-02 02:52:00,,True,,
sensor_035,2023-11-02 02:53:00,,False,,
sensor_038,2023-11-02 02:54:00,,False,,
sensor_052,2023-11-02 02:55:00,,False,,
sensor_040,2023-11-02 02:56:00,29.115331706274425,,,
sensor_023,2023-11-02 02:57:00,71.2403710429542,,,
sensor_095,2023-11-02 02:58:00,80.55151642495116,,,
sensor_050,2023-11-02 02:59:00,40.58166051340305,,,
sensor_096,2023-11-02 03:00:00,,,False,
sensor_066,2023-11-02 03:01:00,,,,48.04203761014521
sensor_080,2023-11-02 03:02:00,,False,,
sensor_014,2023-11-02 03:03:00,,,,17.97631154220495
sensor_035,2023-11-02 03:04:00,,True,,
sensor_043,2023-11-02 03:05:00,73.80122221523447,,,
sensor_015,2023-11-02 03:06:00,54.56232571824745,,,
sensor_030,2023-11-02 03:07:00,,,False,
sensor_058,2023-11-02 03:08:00,65.4359103296701,,,
sensor_056,2023-11-02 03:09:00,42.656105732582915,,,
sensor_009,2023-11-02 03:10:00,,False,,
sensor_093,2023-11-02 03:11:00,,,,16.397095695234015
sensor_092,2023-11-02 03:12:00,,,False,
sensor_072,2023-11-02 03:13:00,,,,18.72602104425478
sensor_078,2023-11-02 03:14:00,,False,,
sensor_081,2023-11-02 03:15:00,,,True,
sensor_091,2023-11-02 03:16:00,23.032568848081993,,,
sensor_083,2023-11-02 03:17:00,70.75134709115721,,,
sensor_060,2023-11-02 03:18:00,63.85177816239206,,,
sensor_011,2023-11-02 03:19:00,,,,14.169359690371937
sensor_015,2023-11-02 03:20:00,42.097720954071676,,,
sensor_019,2023-11-02 03:21:00,23.495194746840966,,,
sensor_084,2023-11-02 03:22:00,,,False,
sensor_048,2023-11-02 03:23:00,,,,4.089405724028268
sensor_100,2023-11-02 03:24:00,,,,-5.09911886236597
sensor_030,2023-11-02 03:25:00,,,False,
sensor_079,2023-11-02 03:26:00,,False,,
sensor_059,2023-11-02 03:27:00,,,True,
sensor_006,2023-11-02 03:28:00,,,False,
sensor_079,2023-11-02 03:29:00,,False,,
sensor_069,2023-11-02 03:30:00,,,True,
sensor_027,2023-11-02 03:31:00,,,True,
sensor_041,2023-11-02 03:32:00,54.690327864219086,,,
sensor_021,2023-11-02 03:33:00,50.26197985240691,,,
sensor_037,2023-11-02 03:34:00,,,,-5.717025606440547
sensor_067,2023-11-02 03:35:00,,,,11.066287784465917
sensor_015,2023-11-02 03:36:00,87.7478896573765,,,
sensor_007,2023-11-02 03:37:00,,,True,
sensor_086,2023-11-02 03:38:00,,False,,
sensor_077,2023-11-02 03:39:00,,,False,
sensor_030,2023-11-02 03:40:00,,,True,
sensor_088,2023-11-02 03:41:00,43.73627966789593,,,
sensor_028,2023-11-02 03:42:00,,,True,
sensor_096,2023-11-02 03:43:00,,,False,
sensor_095,2023-11-02 03:44:00,22.96460688888939,,,
sensor_081,2023-11-02 03:45:00,,,True,
sensor_056,2023-11-02 03:46:00,23.956699056178586,,,
sensor_019,2023-11-02 03:47:00,31.765695099321793,,,
sensor_038,2023-11-02 03:48:00,,True,,
sensor_015,2023-11-02 03:49:00,37.69126879242003,,,
sensor_087,2023-11-02 03:50:00,,False,,
sensor_094,2023-11-02 03:51:00,78.66119801504632,,,
sensor_090,2023-11-02 03:52:00,,,,37.07245467818979
sensor_063,2023-11-02 03:53:00,,,True,
sensor_033,2023-11-02 03:54:00,,True,,
sensor_074,2023-11-02 03:55:00,26.56182097265733,,,
sensor_064,2023-11-02 03:56:00,41.52664917537426,,,
sensor_014,2023-11-02 03:57:00,,,,40.533290562060515
sensor_100,2023-11-02 03:58:00,,,,-4.268646983073847
sensor_007,2023-11-02 03:59:00,,,True,
sensor_035,2023-11-02 04:00:00,,True,,
sensor_014,2023-11-02 04:01:00,,,,-3.8642482385317205
sensor_013,2023-11-02 04:02:00,,False,,
sensor_064,2023-11-02 04:03:00,46.582359718801015,,,
sensor_013,2023-11-02 04:04:00,,True,,
sensor_087,2023-11-02 04:05:00,,True,,
sensor_005,2023-11-02 04:06:00,,,,5.161012782692268
sensor_012,2023-11-02 04:07:00,44.91393552072297,,,
sensor_092,2023-11-02 04:08:00,,,False,
sensor_088,2023-11-02 04:09:00,46.677469528243776,,,
sensor_071,2023-11-02 04:10:00,,,,30.302421845378483
sensor_043,2023-11-02 04:11:00,45.293072201969565,,,
sensor_055,2023-11-02 04:12:00,74.05739120885589,,,
sensor_014,2023-11-02 04:13:00,,,,12.837089184410601
sensor_002,2023-11-02 04:14:00,,,,34.86283847667896
sensor_057,2023-11-02 04:15:00,,True,,
sensor_092,2023-11-02 04:16:00,,,False,
sensor_061,2023-11-02 04:17:00,,,False,
sensor_028,2023-11-02 04:18:00,,,False,
sensor_013,2023-11-02 04:19:00,,True,,
sensor_006,2023-11-02 04:20:00,,,True,
sensor_041,2023-11-02 04:21:00,27.133400048558656,,,
sensor_013,2023-11-02 04:22:00,,False,,
sensor_037,2023-11-02 04:23:00,,,,33.600779096325255
sensor_052,2023-11-02 04:24:00,,True,,
sensor_082,2023-11-02 04:25:00,,,,-2.10016878875601
sensor_038,2023-11-02 04:26:00,,True,,
sensor_054,2023-11-02 04:27:00,,,True,
sensor_029,2023-11-02 04:28:00,,True,,
sensor_097,2023-11-02 04:29:00,,,,43.26948901998437
sensor_042,2023-11-02 04:30:00,,False,,
sensor_021,2023-11-02 04:31:00,49.11419999336243,,,
sensor_067,2023-11-02 04:32:00,,,,-3.094423733855338
sensor_059,2023-11-02 04:33:00,,,True,
sensor_046,2023-11-02 04:34:00,,,False,
sensor_075,2023-11-02 04:35:00,41.546948079996014,,,
sensor_022,2023-11-02 04:36:00,,False,,
sensor_045,2023-11-02 04:37:00,49.95791156916097,,,
sensor_089,2023-11-02 04:38:00,,,,23.921089663766267
sensor_002,2023-11-02 04:39:00,,,,-2.624794547064468
sensor_083,2023-11-02 04:40:00,43.96311157889099,,,
sensor_051,2023-11-02 04:41:00,,,False,
sensor_060,2023-11-02 04:42:00,70.80956844706918,,,
sensor_079,2023-11-02 04:43:00,,False,,
sensor_016,2023-11-02 04:44:00,,,True,
sensor_060,2023-11-02 04:45:00,63.302880343834396,,,
sensor_012,2023-11-02 04:46:00,33.97281427048536,,,
sensor_072,2023-11-02 04:47:00,,,,29.240786248441246
sensor_028,2023-11-02 04:48:00,,,True,
sensor_092,2023-11-02 04:49:00,,,False,
sensor_043,2023-11-02 04:50:00,24.465796067790343,,,
sensor_027,2023-11-02 04:51:00,,,True,
sensor_046,2023-11-02 04:52:00,,,True,
sensor_045,2023-11-02 04:53:00,60.12994258979477,,,
sensor_019,2023-11-02 04:54:00,39.86610701821633,,,
sensor_023,2023-11-02 04:55:00,41.7678990744123,,,
sensor_061,2023-11-02 04:56:00,,,True,
sensor_003,2023-11-02 04:57:00,46.44360649604489,,,
sensor_011,2023-11-02 04:58:00,,,,47.89678922503152
sensor_045,2023-11-02 04:59:00,73.26101727219762,,,
sensor_041,2023-11-02 05:00:00,55.45444013140943,,,
sensor_037,2023-11-02 05:01:00,,,,33.830891468267026
sensor_026,2023-11-02 05:02:00,,,False,
sensor_029,2023-11-02 05:03:00,,True,,
sensor_076,2023-11-02 05:04:00,,True,,
sensor_094,2023-11-02 05:05:00,78.41448898683244,,,
sensor_061,2023-11-02 05:06:00,,,False,
sensor_023,2023-11-02 05:07:00,47.4516573420116,,,
sensor_062,2023-11-02 05:08:00,,,False,
sensor_033,2023-11-02 05:09:00,,True,,
sensor_019,2023-11-02 05:10:00,39.751156301078154,,,
sensor_049,2023-11-02 05:11:00,61.98813816912746,,,
sensor_061,2023-11-02 05:12:00,,,False,
sensor_029,2023-11-02 05:13:00,,True,,
sensor_061,2023-11-02 05:14:00,,,False,
sensor_014,2023-11-02 05:15:00,,,,9.552942730141869
sensor_095,2023-11-02 05:16:00,63.995012631283274,,,
sensor_094,2023-11-02 05:17:00,24.917143422336657,,,
sensor_067,2023-11-02 05:18:00,,,,2.9756569619814854
sensor_070,2023-11-02 05:19:00,,True,,
sensor_076,2023-11-02 05:20:00,,True,,
sensor_027,2023-11-02 05:21:00,,,False,
sensor_046,2023-11-02 05:22:00,,,True,
sensor_053,2023-11-02 05:23:00,,True,,
sensor_065,2023-11-02 05:24:00,73.6598825828509,,,
sensor_062,2023-11-02 05:25:00,,,False,
sensor_049,2023-11-02 05:26:00,73.04205352899984,,,
sensor_038,2023-11-02 05:27:00,,True,,
sensor_018,2023-11-02 05:28:00,33.93489501328838,,,
sensor_058,2023-11-02 05:29:00,65.3461189235739,,,
sensor_094,2023-11-02 05:30:00,28.473820997830757,,,
sensor_039,2023-11-02 05:31:00,,,,8.649578422088037
sensor_096,2023-11-02 05:32:00,,,True,
sensor_080,2023-11-02 05:33:00,,False,,
sensor_004,2023-11-02 05:34:00,,,,1.4899678191438674
sensor_098,2023-11-02 05:35:00,70.32585896010849,,,
sensor_074,2023-11-02 05:36:00,21.134350445546527,,,
sensor_091,2023-11-02 05:37:00,61.46198572897341,,,
sensor_075,2023-11-02 05:38:00,67.83694798875197,,,
sensor_025,2023-11-02 05:39:00,,,,35.86391453140261
sensor_018,2023-11-02 05:40:00,47.50501325837684,,,
sensor_072,2023-11-02 05:41:00,,,,-9.29098684846906
sensor_099,2023-11-02 05:42:00,,,True,
sensor_077,2023-11-02 05:43:00,,,False,
sensor_061,2023-11-02 05:44:00,,,False,
sensor_003,2023-11-02 05:45:00,75.19969104640612,,,
sensor_026,2023-11-02 05:46:00,,,True,
sensor_069,2023-11-02 05:47:00,,,False,
sensor_045,2023-11-02 05:48:00,24.405506757672278,,,
sensor_014,2023-11-02 05:49:00,,,,6.055726473910486
sensor_061,2023-11-02 05:50:00,,,False,
sensor_033,2023-11-02 05:51:00,,True,,
sensor_058,2023-11-02 05:52:00,65.57522468141903,,,
sensor_020,2023-11-02 05:53:00,,True,,
sensor_070,2023-11-02 05:54:00,,False,,
sensor_084,2023-11-02 05:55:00,,,True,
sensor_019,2023-11-02 05:56:00,86.32918781920823,,,
sensor_014,2023-11-02 05:57:00,,,,5.62807193845507
sensor_048,2023-11-02 05:58:00,,,,35.00657228273545
sensor_086,2023-11-02 05:59:00,,True,,
sensor_063,2023-11-02 06:00:00,,,True,
sensor_042,2023-11-02 06:01:00,,True,,
sensor_051,2023-11-02 06:02:00,,,False,
sensor_056,2023-11-02 06:03:00,55.84236083869119,,,
sensor_033,2023-11-02 06:04:00,,False,,
sensor_061,2023-11-02 06:05:00,,,True,
sensor_099,2023-11-02 06:06:00,,,False,
sensor_088,2023-11-02 06:07:00,23.004181974520193,,,
sensor_073,2023-11-02 06:08:00,,False,,
sensor_075,2023-11-02 06:09:00,71.5627234485574,,,
sensor_048,2023-11-02 06:10:00,,,,25.478599290790356
sensor_092,2023-11-02 06:11:00,,,True,
sensor_050,2023-11-02 06:12:00,46.15188862393248,,,
sensor_085,2023-11-02 06:13:00,,,True,
sensor_029,2023-11-02 06:14:00,,True,,
sensor_031,2023-11-02 06:15:00,,,True,
sensor_079,2023-11-02 06:16:00,,False,,
sensor_055,2023-11-02 06:17:00,47.421716528687014,,,
sensor_063,2023-11-02 06:18:00,,,True,
sensor_085,2023-11-02 06:19:00,,,True,
sensor_054,2023-11-02 06:20:00,,,True,
sensor_024,2023-11-02 06:21:00,,,True,
sensor_012,2023-11-02 06:22:00,81.53935646615383,,,
sensor_021,2023-11-02 06:23:00,42.00061656138644,,,
sensor_046,2023-11-02 06:24:00,,,True,
sensor_043,2023-11-02 06:25:00,39.890471568993604,,,
sensor_051,2023-11-02 06:26:00,,,True,
sensor_028,2023-11-02 06:27:00,,,True,
sensor_086,2023-11-02 06:28:00,,False,,
sensor_078,2023-11-02 06:29:00,,False,,
sensor_079,2023-11-02 06:30:00,,False,,
sensor_068,2023-11-02 06:31:00,,,True,
sensor_089,2023-11-02 06:32:00,,,,24.73312092038708
sensor_043,2023-11-02 06:33:00,44.25284367598859,,,
sensor_060,2023-11-02 06:34:00,39.89524866545972,,,
sensor_058,2023-11-02 06:35:00,26.29406569803878,,,
sensor_096,2023-11-02 06:36:00,,,True,
sensor_092,2023-11-02 06:37:00,,,True,
sensor_093,2023-11-02 06:38:00,,,,38.26662635746481
sensor_040,2023-11-02 06:39:00,68.4518279823562,,,
sensor_011,2023-11-02 06:40:00,,,,42.993040286318994
sensor_051,2023-11-02 06:41:00,,,True,
sensor_028,2023-11-02 06:42:00,,,False,
sensor_082,2023-11-02 06:43:00,,,,38.46042263595156
sensor_014,2023-11-02 06:44:00,,,,16.29527510574212
sensor_017,2023-11-02 06:45:00,,,False,
sensor_018,2023-11-02 06:46:00,86.37553874141972,,,
sensor_054,2023-11-02 06:47:00,,,True,
sensor_056,2023-11-02 06:48:00,47.501100342493906,,,
sensor_020,2023-11-02 06:49:00,,True,,
sensor_072,2023-11-02 06:50:00,,,,33.784732634237024
sensor_027,2023-11-02 06:51:00,,,False,
sensor_037,2023-11-02 06:52:00,,,,48.75314139411048
sensor_016,2023-11-02 06:53:00,,,True,
sensor_045,2023-11-02 06:54:00,67.7800964141411,,,
sensor_052,2023-11-02 06:55:00,,False,,
sensor_077,2023-11-02 06:56:00,,,False,
sensor_054,2023-11-02 06:57:00,,,True,
sensor_040,2023-11-02 06:58:00,48.081292645697175,,,
sensor_040,2023-11-02 06:59:00,83.40221526545636,,,
sensor_019,2023-11-02 07:00:00,61.58685523421124,,,
sensor_097,2023-11-02 07:01:00,,,,16.949047737608243
sensor_036,2023-11-02 07:02:00,,,True,
sensor_006,2023-11-02 07:03:00,,,True,
sensor_003,2023-11-02 07:04:00,89.04648729239379,,,
sensor_076,2023-11-02 07:05:00,,True,,
sensor_064,2023-11-02 07:06:00,30.46436903881136,,,
sensor_079,2023-11-02 07:07:00,,False,,
sensor_083,2023-11-02 07:08:00,84.68087410845112,,,
sensor_038,2023-11-02 07:09:00,,False,,
sensor_030,2023-11-02 07:10:00,,,True,
sensor_052,2023-11-02 07:11:00,,True,,
sensor_051,2023-11-02 07:12:00,,,False,
sensor_011,2023-11-02 07:13:00,,,,15.413596054103312
sensor_087,2023-11-02 07:14:00,,True,,
sensor_042,2023-11-02 07:15:00,,False,,
sensor_095,2023-11-02 07:16:00,87.11778839943226,,,
sensor_045,2023-11-02 07:17:00,27.633168172054937,,,
sensor_035,2023-11-02 07:18:00,,False,,
sensor_083,2023-11-02 07:19:00,60.69080115269516,,,
sensor_033,2023-11-02 07:20:00,,True,,
sensor_063,2023-11-02 07:21:00,,,True,
sensor_020,2023-11-02 07:22:00,,True,,
sensor_082,2023-11-02 07:23:00,,,,0.8755949719204654
sensor_010,2023-11-02 07:24:00,,True,,
sensor_044,2023-11-02 07:25:00,42.715778980267544,,,
sensor_043,2023-11-02 07:26:00,23.652522460318743,,,
sensor_022,2023-11-02 07:27:00,,True,,
sensor_075,2023-11-02 07:28:00,85.39791041536836,,,
sensor_097,2023-11-02 07:29:00,,,,30.96372626950849
sensor_052,2023-11-02 07:30:00,,False,,
sensor_039,2023-11-02 07:31:00,,,,32.78190948206936
sensor_068,2023-11-02 07:32:00,,,True,
sensor_079,2023-11-02 07:33:00,,False,,
sensor_055,2023-11-02 07:34:00,79.39176785674596,,,
sensor_043,2023-11-02 07:35:00,84.34760012565428,,,
sensor_045,2023-11-02 07:36:00,74.31571604584076,,,
sensor_002,2023-11-02 07:37:00,,,,37.52114431241738
sensor_044,2023-11-02 07:38:00,62.11578304691717,,,
sensor_010,2023-11-02 07:39:00,,False,,
sensor_068,2023-11-02 07:40:00,,,True,
sensor_061,2023-11-02 07:41:00,,,True,
sensor_027,2023-11-02 07:42:00,,,True,
sensor_009,2023-11-02 07:43:00,,True,,
sensor_062,2023-11-02 07:44:00,,,True,
sensor_058,2023-11-02 07:45:00,59.549810447941404,,,
sensor_097,2023-11-02 07:46:00,,,,14.236359730568829
sensor_049,2023-11-02 07:47:00,86.92392820202426,,,
sensor_007,2023-11-02 07:48:00,,,False,
sensor_060,2023-11-02 07:49:00,62.90115069475503,,,
sensor_061,2023-11-02 07:50:00,,,False,
sensor_043,2023-11-02 07:51:00,85.22296910810545,,,
sensor_047,2023-11-02 07:52:00,,,True,
sensor_034,2023-11-02 07:53:00,,False,,
sensor_021,2023-11-02 07:54:00,24.55689034019207,,,
sensor_099,2023-11-02 07:55:00,,,False,
sensor_095,2023-11-02 07:56:00,71.16354551804186,,,
sensor_054,2023-11-02 07:57:00,,,True,
sensor_090,2023-11-02 07:58:00,,,,48.50411178747449
sensor_089,2023-11-02 07:59:00,,,,46.58419404393747
sensor_089,2023-11-02 08:00:00,,,,2.1743066882221704
sensor_045,2023-11-02 08:01:00,55.58742028767297,,,
sensor_049,2023-11-02 08:02:00,27.674238970497505,,,
sensor_061,2023-11-02 08:03:00,,,False,
sensor_096,2023-11-02 08:04:00,,,False,
sensor_047,2023-11-02 08:05:00,,,False,
sensor_021,2023-11-02 08:06:00,58.99004856833748,,,
sensor_063,2023-11-02 08:07:00,,,True,
sensor_087,2023-11-02 08:08:00,,True,,
sensor_039,2023-11-02 08:09:00,,,,19.133888018315904
sensor_016,2023-11-02 08:10:00,,,False,
sensor_054,2023-11-02 08:11:00,,,False,
sensor_067,2023-11-02 08:12:00,,,,9.803851468131906
sensor_041,2023-11-02 08:13:00,38.68427907421876,,,
sensor_011,2023-11-02 08:14:00,,,,41.709760577404865
sensor_012,2023-11-02 08:15:00,76.06211066558095,,,
sensor_006,2023-11-02 08:16:00,,,True,
sensor_020,2023-11-02 08:17:00,,True,,
sensor_012,2023-11-02 08:18:00,21.229795983704342,,,
sensor_089,2023-11-02 08:19:00,,,,35.66075258299716
sensor_059,2023-11-02 08:20:00,,,False,
sensor_097,2023-11-02 08:21:00,,,,40.16696251651482
sensor_050,2023-11-02 08:22:00,82.73258891631292,,,
sensor_017,2023-11-02 08:23:00,,,False,
sensor_062,2023-11-02 08:24:00,,,True,
sensor_045,2023-11-02 08:25:00,37.8991555851034,,,
sensor_006,2023-11-02 08:26:00,,,False,
sensor_003,2023-11-02 08:27:00,34.41917643615734,,,
sensor_073,2023-11-02 08:28:00,,True,,
sensor_058,2023-11-02 08:29:00,78.753794537336,,,
sensor_100,2023-11-02 08:30:00,,,,29.652823128093964
sensor_096,2023-11-02 08:31:00,,,False,
sensor_012,2023-11-02 08:32:00,40.44154111226865,,,
sensor_061,2023-11-02 08:33:00,,,True,
sensor_044,2023-11-02 08:34:00,69.78828872049502,,,
sensor_084,2023-11-02 08:35:00,,,False,
sensor_085,2023-11-02 08:36:00,,,False,
sensor_085,2023-11-02 08:37:00,,,True,
sensor_055,2023-11-02 08:38:00,39.04819771963556,,,
sensor_058,2023-11-02 08:39:00,87.4287695536315,,,
sensor_055,2023-11-02 08:40:00,85.64550982200561,,,
sensor_083,2023-11-02 08:41:00,55.498544594439,,,
sensor_098,2023-11-02 08:42:00,47.34726685834317,,,
sensor_066,2023-11-02 08:43:00,,,,-2.9102646522477116
sensor_079,2023-11-02 08:44:00,,False,,
sensor_084,2023-11-02 08:45:00,,,True,
sensor_065,2023-11-02 08:46:00,40.32409016651043,,,
sensor_098,2023-11-02 08:47:00,59.66339373026973,,,
sensor_002,2023-11-02 08:48:00,,,,40.166707634961064
sensor_062,2023-11-02 08:49:00,,,False,
sensor_097,2023-11-02 08:50:00,,,,47.896655814989
sensor_006,2023-11-02 08:51:00,,,True,
sensor_012,2023-11-02 08:52:00,38.86661570055316,,,
sensor_007,2023-11-02 08:53:00,,,True,
sensor_003,2023-11-02 08:54:00,63.812991384605226,,,
sensor_029,2023-11-02 08:55:00,,True,,
sensor_088,2023-11-02 08:56:00,53.15772524524748,,,
sensor_020,2023-11-02 08:57:00,,True,,
sensor_097,2023-11-02 08:58:00,,,,39.93919251566791
sensor_097,2023-11-02 08:59:00,,,,37.766613437100226
sensor_068,2023-11-02 09:00:00,,,False,
sensor_089,2023-11-02 09:01:00,,,,36.61708261622162
sensor_024,2023-11-02 09:02:00,,,False,
sensor_042,2023-11-02 09:03:00,,False,,
sensor_060,2023-11-02 09:04:00,79.5205463799517,,,
sensor_064,2023-11-02 09:05:00,59.84920075620746,,,
sensor_070,2023-11-02 09:06:00,,True,,
sensor_098,2023-11-02 09:07:00,28.253940316511006,,,
sensor_069,2023-11-02 09:08:00,,,True,
sensor_060,2023-11-02 09:09:00,63.17398618313945,,,
sensor_064,2023-11-02 09:10:00,71.48400652343835,,,
sensor_015,2023-11-02 09:11:00,41.07864316790939,,,
sensor_099,2023-11-02 09:12:00,,,True,
sensor_088,2023-11-02 09:13:00,81.63246014285878,,,
sensor_072,2023-11-02 09:14:00,,,,13.800226716135974
sensor_014,2023-11-02 09:15:00,,,,19.936967710923607
sensor_076,2023-11-02 09:16:00,,False,,
sensor_094,2023-11-02 09:17:00,61.778351893818815,,,
sensor_012,2023-11-02 09:18:00,30.20554686588205,,,
sensor_036,2023-11-02 09:19:00,,,False,
